[
    {
        "locationId":984006,
        "continentName":"非洲",
        "continentEnglishName":"Africa",
        "countryName":"马拉维",
        "countryEnglishName":"Malawi",
        "provinceName":"马拉维",
        "provinceEnglishName":"Malawi",
        "provinceShortName":"马拉维",
        "currentConfirmedCount":27,
        "confirmedCount":33,
        "suspectedCount":0,
        "curedCount":3,
        "deadCount":3,
        "comment":"",
        "cities":null,
        "updateTime":1587641421321
    },
    {
        "locationId":982004,
        "continentName":"非洲",
        "continentEnglishName":"Africa",
        "countryName":"科特迪瓦",
        "countryEnglishName":"Ivory Coast",
        "provinceName":"科特迪瓦",
        "provinceEnglishName":"Ivory Coast",
        "provinceShortName":"科特迪瓦",
        "currentConfirmedCount":618,
        "confirmedCount":952,
        "suspectedCount":0,
        "curedCount":320,
        "deadCount":14,
        "comment":"",
        "cities":null,
        "updateTime":1587641421321
    },
    {
        "locationId":982010,
        "continentName":"非洲",
        "continentEnglishName":"Africa",
        "countryName":"马里",
        "countryEnglishName":"Mali",
        "provinceName":"马里",
        "provinceEnglishName":"Mali",
        "provinceShortName":"马里",
        "currentConfirmedCount":187,
        "confirmedCount":258,
        "suspectedCount":0,
        "curedCount":57,
        "deadCount":14,
        "comment":"",
        "cities":null,
        "updateTime":1587641421321
    },
    {
        "locationId":981003,
        "continentName":"非洲",
        "continentEnglishName":"Africa",
        "countryName":"利比亚",
        "countryEnglishName":"Libya",
        "provinceName":"利比亚",
        "provinceEnglishName":"Libya",
        "provinceShortName":"利比亚",
        "currentConfirmedCount":44,
        "confirmedCount":60,
        "suspectedCount":0,
        "curedCount":15,
        "deadCount":1,
        "comment":"",
        "cities":null,
        "updateTime":1587641421321
    },
    {
        "locationId":982014,
        "continentName":"非洲",
        "continentEnglishName":"Africa",
        "countryName":"塞内加尔",
        "countryEnglishName":"Senegal",
        "provinceName":"塞内加尔",
        "provinceEnglishName":"Senegal",
        "provinceShortName":"塞内加尔",
        "currentConfirmedCount":216,
        "confirmedCount":479,
        "suspectedCount":0,
        "curedCount":257,
        "deadCount":6,
        "comment":"",
        "cities":null,
        "updateTime":1587641421321
    },
    {
        "locationId":981006,
        "continentName":"非洲",
        "continentEnglishName":"Africa",
        "countryName":"突尼斯",
        "countryEnglishName":"Tunisia",
        "provinceName":"突尼斯",
        "provinceEnglishName":"Tunisia",
        "provinceShortName":"突尼斯",
        "currentConfirmedCount":681,
        "confirmedCount":909,
        "suspectedCount":0,
        "curedCount":190,
        "deadCount":38,
        "comment":"",
        "cities":null,
        "updateTime":1587641421321
    },
    {
        "locationId":985008,
        "continentName":"非洲",
        "continentEnglishName":"Africa",
        "countryName":"索马里",
        "countryEnglishName":"Somali",
        "provinceName":"索马里",
        "provinceEnglishName":"Somali",
        "provinceShortName":"索马里",
        "currentConfirmedCount":269,
        "confirmedCount":286,
        "suspectedCount":0,
        "curedCount":3,
        "deadCount":14,
        "comment":"",
        "cities":null,
        "updateTime":1587641421321
    },
    {
        "locationId":982011,
        "continentName":"非洲",
        "continentEnglishName":"Africa",
        "countryName":"尼日尔",
        "countryEnglishName":"Niger",
        "provinceName":"尼日尔",
        "provinceEnglishName":"Niger",
        "provinceShortName":"尼日尔",
        "currentConfirmedCount":447,
        "confirmedCount":662,
        "suspectedCount":0,
        "curedCount":193,
        "deadCount":22,
        "comment":"",
        "cities":null,
        "updateTime":1587641421321
    },
    {
        "locationId":981005,
        "continentName":"非洲",
        "continentEnglishName":"Africa",
        "countryName":"苏丹",
        "countryEnglishName":"Sudan",
        "provinceName":"苏丹",
        "provinceEnglishName":"Sudan",
        "provinceShortName":"苏丹",
        "currentConfirmedCount":135,
        "confirmedCount":162,
        "suspectedCount":0,
        "curedCount":14,
        "deadCount":13,
        "comment":"",
        "cities":null,
        "updateTime":1587641421321
    },
    {
        "locationId":985005,
        "continentName":"非洲",
        "continentEnglishName":"Africa",
        "countryName":"肯尼亚",
        "countryEnglishName":"Kenya",
        "provinceName":"肯尼亚",
        "provinceEnglishName":"Kenya",
        "provinceShortName":"肯尼亚",
        "currentConfirmedCount":206,
        "confirmedCount":303,
        "suspectedCount":0,
        "curedCount":83,
        "deadCount":14,
        "comment":"",
        "cities":null,
        "updateTime":1587641421321
    },
    {
        "locationId":985006,
        "continentName":"非洲",
        "continentEnglishName":"Africa",
        "countryName":"卢旺达",
        "countryEnglishName":"Republic of Rwanda",
        "provinceName":"卢旺达",
        "provinceEnglishName":"Republic of Rwanda",
        "provinceShortName":"卢旺达",
        "currentConfirmedCount":69,
        "confirmedCount":153,
        "suspectedCount":0,
        "curedCount":84,
        "deadCount":0,
        "comment":"",
        "cities":null,
        "updateTime":1587640812690
    },
    {
        "locationId":0,
        "continentName":"非洲",
        "continentEnglishName":"Africa",
        "countryName":"刚果（金）",
        "countryEnglishName":"Democratic Republic of the Congo",
        "provinceName":"刚果（金）",
        "provinceEnglishName":"Democratic Republic of the Congo",
        "provinceShortName":"刚果（金）",
        "currentConfirmedCount":305,
        "confirmedCount":377,
        "suspectedCount":0,
        "curedCount":47,
        "deadCount":25,
        "comment":"",
        "cities":null,
        "updateTime":1587640812690
    },
    {
        "locationId":984014,
        "continentName":"非洲",
        "continentEnglishName":"Africa",
        "countryName":"毛里求斯",
        "countryEnglishName":"Mauritius",
        "provinceName":"毛里求斯",
        "provinceEnglishName":"Mauritius",
        "provinceShortName":"毛里求斯",
        "currentConfirmedCount":59,
        "confirmedCount":329,
        "suspectedCount":0,
        "curedCount":261,
        "deadCount":9,
        "comment":"",
        "cities":null,
        "updateTime":1587640018576
    },
    {
        "locationId":984011,
        "continentName":"非洲",
        "continentEnglishName":"Africa",
        "countryName":"南非",
        "countryEnglishName":"South Africa",
        "provinceName":"南非",
        "provinceEnglishName":"South Africa",
        "provinceShortName":"南非",
        "currentConfirmedCount":2515,
        "confirmedCount":3635,
        "suspectedCount":0,
        "curedCount":1055,
        "deadCount":65,
        "comment":"",
        "cities":null,
        "updateTime":1587625611335
    },
    {
        "locationId":982008,
        "continentName":"非洲",
        "continentEnglishName":"Africa",
        "countryName":"几内亚比绍",
        "countryEnglishName":null,
        "provinceName":"几内亚比绍",
        "provinceEnglishName":null,
        "provinceShortName":"几内亚比绍",
        "currentConfirmedCount":49,
        "confirmedCount":52,
        "suspectedCount":0,
        "curedCount":3,
        "deadCount":0,
        "comment":"",
        "cities":null,
        "updateTime":1587625611335
    },
    {
        "locationId":985009,
        "continentName":"非洲",
        "continentEnglishName":"Africa",
        "countryName":"坦桑尼亚",
        "countryEnglishName":"Tanzania",
        "provinceName":"坦桑尼亚",
        "provinceEnglishName":"Tanzania",
        "provinceShortName":"坦桑尼亚",
        "currentConfirmedCount":263,
        "confirmedCount":284,
        "suspectedCount":0,
        "curedCount":11,
        "deadCount":10,
        "comment":"",
        "cities":null,
        "updateTime":1587625611335
    },
    {
        "locationId":982009,
        "continentName":"非洲",
        "continentEnglishName":"Africa",
        "countryName":"利比里亚",
        "countryEnglishName":"Liberia",
        "provinceName":"利比里亚",
        "provinceEnglishName":"Liberia",
        "provinceShortName":"利比里亚",
        "currentConfirmedCount":86,
        "confirmedCount":101,
        "suspectedCount":0,
        "curedCount":7,
        "deadCount":8,
        "comment":"",
        "cities":null,
        "updateTime":1587625611335
    },
    {
        "locationId":982016,
        "continentName":"非洲",
        "continentEnglishName":"Africa",
        "countryName":"多哥",
        "countryEnglishName":"Togo",
        "provinceName":"多哥",
        "provinceEnglishName":"Togo",
        "provinceShortName":"多哥",
        "currentConfirmedCount":26,
        "confirmedCount":88,
        "suspectedCount":0,
        "curedCount":56,
        "deadCount":6,
        "comment":"",
        "cities":null,
        "updateTime":1587625611335
    },
    {
        "locationId":0,
        "continentName":"非洲",
        "continentEnglishName":"Africa",
        "countryName":"刚果（布）",
        "countryEnglishName":null,
        "provinceName":"刚果（布）",
        "provinceEnglishName":null,
        "provinceShortName":"刚果（布）",
        "currentConfirmedCount":164,
        "confirmedCount":186,
        "suspectedCount":0,
        "curedCount":16,
        "deadCount":6,
        "comment":"",
        "cities":null,
        "updateTime":1587625611335
    },
    {
        "locationId":982017,
        "continentName":"非洲",
        "continentEnglishName":"Africa",
        "countryName":"佛得角",
        "countryEnglishName":null,
        "provinceName":"佛得角",
        "provinceEnglishName":null,
        "provinceShortName":"佛得角",
        "currentConfirmedCount":71,
        "confirmedCount":73,
        "suspectedCount":0,
        "curedCount":1,
        "deadCount":1,
        "comment":"",
        "cities":null,
        "updateTime":1587625611335
    },
    {
        "locationId":0,
        "continentName":"非洲",
        "continentEnglishName":"Africa",
        "countryName":"留尼旺",
        "countryEnglishName":"Reunion",
        "provinceName":"留尼旺",
        "provinceEnglishName":"Reunion",
        "provinceShortName":"留尼旺",
        "currentConfirmedCount":410,
        "confirmedCount":410,
        "suspectedCount":0,
        "curedCount":0,
        "deadCount":0,
        "comment":"",
        "cities":null,
        "updateTime":1587625611335
    },
    {
        "locationId":981001,
        "continentName":"非洲",
        "continentEnglishName":"Africa",
        "countryName":"阿尔及利亚",
        "countryEnglishName":"Algeria",
        "provinceName":"阿尔及利亚",
        "provinceEnglishName":"Algeria",
        "provinceShortName":"阿尔及利亚",
        "currentConfirmedCount":1409,
        "confirmedCount":2910,
        "suspectedCount":0,
        "curedCount":1099,
        "deadCount":402,
        "comment":"",
        "cities":null,
        "updateTime":1587625611335
    },
    {
        "locationId":985004,
        "continentName":"非洲",
        "continentEnglishName":"Africa",
        "countryName":"埃塞俄比亚",
        "countryEnglishName":"Ethiopia",
        "provinceName":"埃塞俄比亚",
        "provinceEnglishName":"Ethiopia",
        "provinceShortName":"埃塞俄比亚",
        "currentConfirmedCount":92,
        "confirmedCount":116,
        "suspectedCount":0,
        "curedCount":21,
        "deadCount":3,
        "comment":"",
        "cities":null,
        "updateTime":1587625611335
    },
    {
        "locationId":983004,
        "continentName":"非洲",
        "continentEnglishName":"Africa",
        "countryName":"加蓬",
        "countryEnglishName":"Gabon",
        "provinceName":"加蓬",
        "provinceEnglishName":"Gabon",
        "provinceShortName":"加蓬",
        "currentConfirmedCount":141,
        "confirmedCount":166,
        "suspectedCount":0,
        "curedCount":24,
        "deadCount":1,
        "comment":"",
        "cities":null,
        "updateTime":1587625611335
    },
    {
        "locationId":981004,
        "continentName":"非洲",
        "continentEnglishName":"Africa",
        "countryName":"摩洛哥",
        "countryEnglishName":"Morocco",
        "provinceName":"摩洛哥",
        "provinceEnglishName":"Morocco",
        "provinceShortName":"摩洛哥",
        "currentConfirmedCount":2880,
        "confirmedCount":3446,
        "suspectedCount":0,
        "curedCount":417,
        "deadCount":149,
        "comment":"",
        "cities":null,
        "updateTime":1587625611335
    },
    {
        "locationId":984013,
        "continentName":"非洲",
        "continentEnglishName":"Africa",
        "countryName":"津巴布韦",
        "countryEnglishName":"Zimbabwe",
        "provinceName":"津巴布韦",
        "provinceEnglishName":"Zimbabwe",
        "provinceShortName":"津巴布韦",
        "currentConfirmedCount":22,
        "confirmedCount":28,
        "suspectedCount":0,
        "curedCount":2,
        "deadCount":4,
        "comment":"",
        "cities":null,
        "updateTime":1587625611335
    },
    {
        "locationId":984008,
        "continentName":"非洲",
        "continentEnglishName":"Africa",
        "countryName":"莫桑比克",
        "countryEnglishName":"Mozambique",
        "provinceName":"莫桑比克",
        "provinceEnglishName":"Mozambique",
        "provinceShortName":"莫桑比克",
        "currentConfirmedCount":33,
        "confirmedCount":41,
        "suspectedCount":0,
        "curedCount":8,
        "deadCount":0,
        "comment":"",
        "cities":null,
        "updateTime":1587625611335
    },
    {
        "locationId":982002,
        "continentName":"非洲",
        "continentEnglishName":"Africa",
        "countryName":"布基纳法索",
        "countryEnglishName":"Burkina Faso",
        "provinceName":"布基纳法索",
        "provinceEnglishName":"Burkina Faso",
        "provinceShortName":"布基纳法索",
        "currentConfirmedCount":181,
        "confirmedCount":609,
        "suspectedCount":0,
        "curedCount":389,
        "deadCount":39,
        "comment":"",
        "cities":null,
        "updateTime":1587625611335
    },
    {
        "locationId":0,
        "continentName":"非洲",
        "continentEnglishName":"Africa",
        "countryName":"马约特",
        "countryEnglishName":null,
        "provinceName":"马约特",
        "provinceEnglishName":null,
        "provinceShortName":"马约特",
        "currentConfirmedCount":307,
        "confirmedCount":311,
        "suspectedCount":0,
        "curedCount":0,
        "deadCount":4,
        "comment":"",
        "cities":null,
        "updateTime":1587625611335
    },
    {
        "locationId":981002,
        "continentName":"非洲",
        "continentEnglishName":"Africa",
        "countryName":"埃及",
        "countryEnglishName":"Egypt",
        "provinceName":"埃及",
        "provinceEnglishName":"Egypt",
        "provinceShortName":"埃及",
        "currentConfirmedCount":2448,
        "confirmedCount":3659,
        "suspectedCount":0,
        "curedCount":935,
        "deadCount":276,
        "comment":"",
        "cities":null,
        "updateTime":1587625611335
    },
    {
        "locationId":982006,
        "continentName":"非洲",
        "continentEnglishName":"Africa",
        "countryName":"加纳",
        "countryEnglishName":"Ghana",
        "provinceName":"加纳",
        "provinceEnglishName":"Ghana",
        "provinceShortName":"加纳",
        "currentConfirmedCount":1025,
        "confirmedCount":1154,
        "suspectedCount":0,
        "curedCount":120,
        "deadCount":9,
        "comment":"",
        "cities":null,
        "updateTime":1587625611335
    },
    {
        "locationId":984005,
        "continentName":"非洲",
        "continentEnglishName":"Africa",
        "countryName":"马达加斯加",
        "countryEnglishName":"Madagascar",
        "provinceName":"马达加斯加",
        "provinceEnglishName":"Madagascar",
        "provinceShortName":"马达加斯加",
        "currentConfirmedCount":86,
        "confirmedCount":121,
        "suspectedCount":0,
        "curedCount":35,
        "deadCount":0,
        "comment":"",
        "cities":null,
        "updateTime":1587625611335
    },
    {
        "locationId":0,
        "continentName":"非洲",
        "continentEnglishName":"Africa",
        "countryName":"几内亚",
        "countryEnglishName":"Guinea",
        "provinceName":"几内亚",
        "provinceEnglishName":"Guinea",
        "provinceShortName":"几内亚",
        "currentConfirmedCount":591,
        "confirmedCount":761,
        "suspectedCount":0,
        "curedCount":164,
        "deadCount":6,
        "comment":"",
        "cities":null,
        "updateTime":1587625611335
    },
    {
        "locationId":0,
        "continentName":"非洲",
        "continentEnglishName":"Africa",
        "countryName":"赤道几内亚",
        "countryEnglishName":"The Republic of Equatorial Guinea",
        "provinceName":"赤道几内亚",
        "provinceEnglishName":"The Republic of Equatorial Guinea",
        "provinceShortName":"赤道几内亚",
        "currentConfirmedCount":76,
        "confirmedCount":84,
        "suspectedCount":0,
        "curedCount":7,
        "deadCount":1,
        "comment":"",
        "cities":null,
        "updateTime":1587625611335
    },
    {
        "locationId":0,
        "continentName":"非洲",
        "continentEnglishName":"Africa",
        "countryName":"赞比亚共和国",
        "countryEnglishName":null,
        "provinceName":"赞比亚共和国",
        "provinceEnglishName":null,
        "provinceShortName":"赞比亚共和国",
        "currentConfirmedCount":36,
        "confirmedCount":74,
        "suspectedCount":0,
        "curedCount":35,
        "deadCount":3,
        "comment":"",
        "cities":null,
        "updateTime":1587625611335
    },
    {
        "locationId":982015,
        "continentName":"非洲",
        "continentEnglishName":"Africa",
        "countryName":"塞拉利昂",
        "countryEnglishName":"Sierra Leone",
        "provinceName":"塞拉利昂",
        "provinceEnglishName":"Sierra Leone",
        "provinceShortName":"塞拉利昂",
        "currentConfirmedCount":55,
        "confirmedCount":61,
        "suspectedCount":0,
        "curedCount":6,
        "deadCount":0,
        "comment":"",
        "cities":null,
        "updateTime":1587625611335
    },
    {
        "locationId":982003,
        "continentName":"非洲",
        "continentEnglishName":"Africa",
        "countryName":"乍得",
        "countryEnglishName":"Chad",
        "provinceName":"乍得",
        "provinceEnglishName":"Chad",
        "provinceShortName":"乍得",
        "currentConfirmedCount":34,
        "confirmedCount":34,
        "suspectedCount":0,
        "curedCount":0,
        "deadCount":0,
        "comment":"",
        "cities":null,
        "updateTime":1587625611335
    },
    {
        "locationId":982013,
        "continentName":"非洲",
        "continentEnglishName":"Africa",
        "countryName":"尼日利亚",
        "countryEnglishName":"Nigeria",
        "provinceName":"尼日利亚",
        "provinceEnglishName":"Nigeria",
        "provinceShortName":"尼日利亚",
        "currentConfirmedCount":648,
        "confirmedCount":873,
        "suspectedCount":0,
        "curedCount":197,
        "deadCount":28,
        "comment":"",
        "cities":null,
        "updateTime":1587625611335
    },
    {
        "locationId":985002,
        "continentName":"非洲",
        "continentEnglishName":"Africa",
        "countryName":"吉布提",
        "countryEnglishName":"Djibouti",
        "provinceName":"吉布提",
        "provinceEnglishName":"Djibouti",
        "provinceShortName":"吉布提",
        "currentConfirmedCount":789,
        "confirmedCount":974,
        "suspectedCount":0,
        "curedCount":183,
        "deadCount":2,
        "comment":"",
        "cities":null,
        "updateTime":1587625611335
    },
    {
        "locationId":983002,
        "continentName":"非洲",
        "continentEnglishName":"Africa",
        "countryName":"中非共和国",
        "countryEnglishName":"Central African Republic",
        "provinceName":"中非共和国",
        "provinceEnglishName":"Central African Republic",
        "provinceShortName":"中非共和国",
        "currentConfirmedCount":6,
        "confirmedCount":16,
        "suspectedCount":0,
        "curedCount":10,
        "deadCount":0,
        "comment":"",
        "cities":null,
        "updateTime":1587625611335
    },
    {
        "locationId":983001,
        "continentName":"非洲",
        "continentEnglishName":"Africa",
        "countryName":"喀麦隆",
        "countryEnglishName":"Cameroon",
        "provinceName":"喀麦隆",
        "provinceEnglishName":"Cameroon",
        "provinceShortName":"喀麦隆",
        "currentConfirmedCount":815,
        "confirmedCount":1163,
        "suspectedCount":0,
        "curedCount":305,
        "deadCount":43,
        "comment":"",
        "cities":null,
        "updateTime":1587625611335
    },
    {
        "locationId":985010,
        "continentName":"非洲",
        "continentEnglishName":"Africa",
        "countryName":"乌干达",
        "countryEnglishName":"Uganda",
        "provinceName":"乌干达",
        "provinceEnglishName":"Uganda",
        "provinceShortName":"乌干达",
        "currentConfirmedCount":35,
        "confirmedCount":63,
        "suspectedCount":0,
        "curedCount":28,
        "deadCount":0,
        "comment":"",
        "cities":null,
        "updateTime":1587625611335
    },
    {
        "locationId":0,
        "continentName":"非洲",
        "continentEnglishName":"Africa",
        "countryName":"布隆迪共和国",
        "countryEnglishName":null,
        "provinceName":"布隆迪共和国",
        "provinceEnglishName":null,
        "provinceShortName":"布隆迪共和国",
        "currentConfirmedCount":6,
        "confirmedCount":11,
        "suspectedCount":0,
        "curedCount":4,
        "deadCount":1,
        "comment":"",
        "cities":null,
        "updateTime":1587566916362
    },
    {
        "locationId":984010,
        "continentName":"非洲",
        "continentEnglishName":"Africa",
        "countryName":"斯威士兰",
        "countryEnglishName":"Swaziland",
        "provinceName":"斯威士兰",
        "provinceEnglishName":"Swaziland",
        "provinceShortName":"斯威士兰",
        "currentConfirmedCount":20,
        "confirmedCount":31,
        "suspectedCount":0,
        "curedCount":10,
        "deadCount":1,
        "comment":"",
        "cities":null,
        "updateTime":1587566916362
    },
    {
        "locationId":984002,
        "continentName":"非洲",
        "continentEnglishName":"Africa",
        "countryName":"博茨瓦纳",
        "countryEnglishName":"Botswana",
        "provinceName":"博茨瓦纳",
        "provinceEnglishName":"Botswana",
        "provinceShortName":"博茨瓦纳",
        "currentConfirmedCount":19,
        "confirmedCount":20,
        "suspectedCount":0,
        "curedCount":0,
        "deadCount":1,
        "comment":"",
        "cities":null,
        "updateTime":1587566916362
    },
    {
        "locationId":982005,
        "continentName":"非洲",
        "continentEnglishName":"Africa",
        "countryName":"冈比亚",
        "countryEnglishName":"Gambia",
        "provinceName":"冈比亚",
        "provinceEnglishName":"Gambia",
        "provinceShortName":"冈比亚",
        "currentConfirmedCount":7,
        "confirmedCount":10,
        "suspectedCount":0,
        "curedCount":2,
        "deadCount":1,
        "comment":"",
        "cities":null,
        "updateTime":1587566916362
    },
    {
        "locationId":982001,
        "continentName":"非洲",
        "continentEnglishName":"Africa",
        "countryName":"贝宁",
        "countryEnglishName":"Benin",
        "provinceName":"贝宁",
        "provinceEnglishName":"Benin",
        "provinceShortName":"贝宁",
        "currentConfirmedCount":26,
        "confirmedCount":54,
        "suspectedCount":0,
        "curedCount":27,
        "deadCount":1,
        "comment":"",
        "cities":null,
        "updateTime":1587566916362
    },
    {
        "locationId":985003,
        "continentName":"非洲",
        "continentEnglishName":"Africa",
        "countryName":"厄立特里亚",
        "countryEnglishName":null,
        "provinceName":"厄立特里亚",
        "provinceEnglishName":null,
        "provinceShortName":"厄立特里亚",
        "currentConfirmedCount":33,
        "confirmedCount":39,
        "suspectedCount":0,
        "curedCount":6,
        "deadCount":0,
        "comment":"",
        "cities":null,
        "updateTime":1587566916362
    },
    {
        "locationId":984001,
        "continentName":"非洲",
        "continentEnglishName":"Africa",
        "countryName":"安哥拉",
        "countryEnglishName":"Angola",
        "provinceName":"安哥拉",
        "provinceEnglishName":"Angola",
        "provinceShortName":"安哥拉",
        "currentConfirmedCount":16,
        "confirmedCount":24,
        "suspectedCount":0,
        "curedCount":6,
        "deadCount":2,
        "comment":"",
        "cities":null,
        "updateTime":1587554417113
    },
    {
        "locationId":982012,
        "continentName":"非洲",
        "continentEnglishName":"Africa",
        "countryName":"毛里塔尼亚",
        "countryEnglishName":"The Islamic Republic of Mauritania",
        "provinceName":"毛里塔尼亚",
        "provinceEnglishName":"The Islamic Republic of Mauritania",
        "provinceShortName":"毛里塔尼亚",
        "currentConfirmedCount":4,
        "confirmedCount":7,
        "suspectedCount":0,
        "curedCount":2,
        "deadCount":1,
        "comment":"",
        "cities":null,
        "updateTime":1587511949011
    },
    {
        "locationId":983007,
        "continentName":"非洲",
        "continentEnglishName":"Africa",
        "countryName":"圣多美和普林西比",
        "countryEnglishName":"Sao Tome and Principe",
        "provinceName":"圣多美和普林西比",
        "provinceEnglishName":"Sao Tome and Principe",
        "provinceShortName":"圣多美和普林西比",
        "currentConfirmedCount":4,
        "confirmedCount":4,
        "suspectedCount":0,
        "curedCount":0,
        "deadCount":0,
        "comment":"",
        "cities":null,
        "updateTime":1587511949011
    },
    {
        "locationId":981007,
        "continentName":"非洲",
        "continentEnglishName":"Africa",
        "countryName":"南苏丹",
        "countryEnglishName":null,
        "provinceName":"南苏丹",
        "provinceEnglishName":null,
        "provinceShortName":"南苏丹",
        "currentConfirmedCount":4,
        "confirmedCount":4,
        "suspectedCount":0,
        "curedCount":0,
        "deadCount":0,
        "comment":"",
        "cities":null,
        "updateTime":1587511949011
    },
    {
        "locationId":984009,
        "continentName":"非洲",
        "continentEnglishName":"Africa",
        "countryName":"纳米比亚",
        "countryEnglishName":"Namibia",
        "provinceName":"纳米比亚",
        "provinceEnglishName":"Namibia",
        "provinceShortName":"纳米比亚",
        "currentConfirmedCount":13,
        "confirmedCount":16,
        "suspectedCount":0,
        "curedCount":3,
        "deadCount":0,
        "comment":"",
        "cities":null,
        "updateTime":1587511949011
    },
    {
        "locationId":985007,
        "continentName":"非洲",
        "continentEnglishName":"Africa",
        "countryName":"塞舌尔",
        "countryEnglishName":"Seychelles",
        "provinceName":"塞舌尔",
        "provinceEnglishName":"Seychelles",
        "provinceShortName":"塞舌尔",
        "currentConfirmedCount":11,
        "confirmedCount":11,
        "suspectedCount":0,
        "curedCount":0,
        "deadCount":0,
        "comment":"",
        "cities":null,
        "updateTime":1587511949011
    },
    {
        "locationId":0,
        "continentName":"非洲",
        "continentEnglishName":"Africa",
        "countryName":"留尼汪",
        "countryEnglishName":"Reunion Island",
        "provinceName":"留尼汪",
        "provinceEnglishName":"Reunion Island",
        "provinceShortName":"留尼汪",
        "currentConfirmedCount":6,
        "confirmedCount":6,
        "suspectedCount":0,
        "curedCount":0,
        "deadCount":0,
        "comment":"",
        "cities":null,
        "updateTime":1584424710913
    }
]