[
    {
        "locationId":990001,
        "continentName":"大洋洲",
        "continentEnglishName":"Oceania",
        "countryName":"澳大利亚",
        "countryEnglishName":"Australia",
        "provinceName":"澳大利亚",
        "provinceEnglishName":"Australia",
        "provinceShortName":"澳大利亚",
        "currentConfirmedCount":2282,
        "confirmedCount":6647,
        "suspectedCount":0,
        "curedCount":4291,
        "deadCount":74,
        "comment":"",
        "cities":null,
        "updateTime":1587641421321
    },
    {
        "locationId":990007,
        "continentName":"大洋洲",
        "continentEnglishName":"Oceania",
        "countryName":"新西兰",
        "countryEnglishName":"New Zealand",
        "provinceName":"新西兰",
        "provinceEnglishName":"New Zealand",
        "provinceShortName":"新西兰",
        "currentConfirmedCount":31,
        "confirmedCount":1112,
        "suspectedCount":4,
        "curedCount":1065,
        "deadCount":16,
        "comment":"",
        "cities":null,
        "updateTime":1587641421321
    },
    {
        "locationId":0,
        "continentName":"大洋洲",
        "continentEnglishName":"Oceania",
        "countryName":"法属波利尼西亚",
        "countryEnglishName":"French Polynesia",
        "provinceName":"法属波利尼西亚",
        "provinceEnglishName":"French Polynesia",
        "provinceShortName":"法属波利尼西亚",
        "currentConfirmedCount":57,
        "confirmedCount":57,
        "suspectedCount":0,
        "curedCount":0,
        "deadCount":0,
        "comment":"",
        "cities":null,
        "updateTime":1587625611335
    },
    {
        "locationId":0,
        "continentName":"大洋洲",
        "continentEnglishName":"Oceania",
        "countryName":"关岛",
        "countryEnglishName":"Guam",
        "provinceName":"关岛",
        "provinceEnglishName":"Guam",
        "provinceShortName":"关岛",
        "currentConfirmedCount":131,
        "confirmedCount":136,
        "suspectedCount":0,
        "curedCount":0,
        "deadCount":5,
        "comment":"",
        "cities":null,
        "updateTime":1587625611335
    },
    {
        "locationId":990002,
        "continentName":"大洋洲",
        "continentEnglishName":"Oceania",
        "countryName":"斐济",
        "countryEnglishName":"Fiji",
        "provinceName":"斐济",
        "provinceEnglishName":"Fiji",
        "provinceShortName":"斐济",
        "currentConfirmedCount":18,
        "confirmedCount":18,
        "suspectedCount":0,
        "curedCount":0,
        "deadCount":0,
        "comment":"",
        "cities":null,
        "updateTime":1587566916362
    },
    {
        "locationId":0,
        "continentName":"大洋洲",
        "continentEnglishName":"Oceania",
        "countryName":"北马里亚纳群岛联邦",
        "countryEnglishName":null,
        "provinceName":"北马里亚纳群岛联邦",
        "provinceEnglishName":null,
        "provinceShortName":"北马里亚纳群岛联邦",
        "currentConfirmedCount":12,
        "confirmedCount":14,
        "suspectedCount":0,
        "curedCount":0,
        "deadCount":2,
        "comment":"",
        "cities":null,
        "updateTime":1587554417113
    },
    {
        "locationId":990009,
        "continentName":"大洋洲",
        "continentEnglishName":"Oceania",
        "countryName":"巴布亚新几内亚",
        "countryEnglishName":"Papua New Guinea",
        "provinceName":"巴布亚新几内亚",
        "provinceEnglishName":"Papua New Guinea",
        "provinceShortName":"巴布亚新几内亚",
        "currentConfirmedCount":7,
        "confirmedCount":7,
        "suspectedCount":0,
        "curedCount":0,
        "deadCount":0,
        "comment":"",
        "cities":null,
        "updateTime":1587554417113
    },
    {
        "locationId":0,
        "continentName":"大洋洲",
        "continentEnglishName":"Oceania",
        "countryName":"新喀里多尼亚",
        "countryEnglishName":null,
        "provinceName":"新喀里多尼亚",
        "provinceEnglishName":null,
        "provinceShortName":"新喀里多尼亚",
        "currentConfirmedCount":18,
        "confirmedCount":18,
        "suspectedCount":0,
        "curedCount":0,
        "deadCount":0,
        "comment":"",
        "cities":null,
        "updateTime":1587511949011
    }
]