[
    {
        "locationId":965012,
        "continentName":"欧洲",
        "continentEnglishName":"Europe",
        "countryName":"圣马力诺",
        "countryEnglishName":"San Marino",
        "provinceName":"圣马力诺",
        "provinceEnglishName":"San Marino",
        "provinceShortName":"圣马力诺",
        "currentConfirmedCount":434,
        "confirmedCount":476,
        "suspectedCount":0,
        "curedCount":2,
        "deadCount":40,
        "comment":"",
        "cities":null,
        "updateTime":1587641421321
    },
    {
        "locationId":0,
        "continentName":"欧洲",
        "continentEnglishName":"Europe",
        "countryName":"根西岛",
        "countryEnglishName":"Guernsey",
        "provinceName":"根西岛",
        "provinceEnglishName":"Guernsey",
        "provinceShortName":"根西岛",
        "currentConfirmedCount":229,
        "confirmedCount":239,
        "suspectedCount":0,
        "curedCount":0,
        "deadCount":10,
        "comment":"",
        "cities":null,
        "updateTime":1587641421321
    },
    {
        "locationId":961003,
        "continentName":"欧洲",
        "continentEnglishName":"Europe",
        "countryName":"爱尔兰",
        "countryEnglishName":"Ireland",
        "provinceName":"爱尔兰",
        "provinceEnglishName":"Ireland",
        "provinceShortName":"爱尔兰",
        "currentConfirmedCount":6669,
        "confirmedCount":16671,
        "suspectedCount":0,
        "curedCount":9233,
        "deadCount":769,
        "comment":"",
        "cities":null,
        "updateTime":1587641421321
    },
    {
        "locationId":963002,
        "continentName":"欧洲",
        "continentEnglishName":"Europe",
        "countryName":"捷克",
        "countryEnglishName":"Czech Republic",
        "provinceName":"捷克",
        "provinceEnglishName":"Czech Republic",
        "provinceShortName":"捷克",
        "currentConfirmedCount":4890,
        "confirmedCount":7087,
        "suspectedCount":0,
        "curedCount":1989,
        "deadCount":208,
        "comment":"",
        "cities":null,
        "updateTime":1587641421321
    },
    {
        "locationId":964007,
        "continentName":"欧洲",
        "continentEnglishName":"Europe",
        "countryName":"乌克兰",
        "countryEnglishName":"Ukraine",
        "provinceName":"乌克兰",
        "provinceEnglishName":"Ukraine",
        "provinceShortName":"乌克兰",
        "currentConfirmedCount":6479,
        "confirmedCount":7170,
        "suspectedCount":0,
        "curedCount":504,
        "deadCount":187,
        "comment":"",
        "cities":null,
        "updateTime":1587641421321
    },
    {
        "locationId":962004,
        "continentName":"欧洲",
        "continentEnglishName":"Europe",
        "countryName":"挪威",
        "countryEnglishName":"Norway",
        "provinceName":"挪威",
        "provinceEnglishName":"Norway",
        "provinceShortName":"挪威",
        "currentConfirmedCount":7088,
        "confirmedCount":7275,
        "suspectedCount":0,
        "curedCount":0,
        "deadCount":187,
        "comment":"",
        "cities":null,
        "updateTime":1587641421321
    },
    {
        "locationId":964001,
        "continentName":"欧洲",
        "continentEnglishName":"Europe",
        "countryName":"白俄罗斯",
        "countryEnglishName":"Belarus",
        "provinceName":"白俄罗斯",
        "provinceEnglishName":"Belarus",
        "provinceShortName":"白俄罗斯",
        "currentConfirmedCount":6091,
        "confirmedCount":6723,
        "suspectedCount":0,
        "curedCount":577,
        "deadCount":55,
        "comment":"",
        "cities":null,
        "updateTime":1587641421321
    },
    {
        "locationId":965004,
        "continentName":"欧洲",
        "continentEnglishName":"Europe",
        "countryName":"保加利亚",
        "countryEnglishName":"Bulgaria",
        "provinceName":"保加利亚",
        "provinceEnglishName":"Bulgaria",
        "provinceShortName":"保加利亚",
        "currentConfirmedCount":879,
        "confirmedCount":1081,
        "suspectedCount":0,
        "curedCount":153,
        "deadCount":49,
        "comment":"",
        "cities":null,
        "updateTime":1587641421321
    },
    {
        "locationId":0,
        "continentName":"欧洲",
        "continentEnglishName":"Europe",
        "countryName":"泽西岛",
        "countryEnglishName":"Bailiwick of Jersey",
        "provinceName":"泽西岛",
        "provinceEnglishName":"Bailiwick of Jersey",
        "provinceShortName":"泽西岛",
        "currentConfirmedCount":236,
        "confirmedCount":250,
        "suspectedCount":0,
        "curedCount":0,
        "deadCount":14,
        "comment":"",
        "cities":null,
        "updateTime":1587641421321
    },
    {
        "locationId":965013,
        "continentName":"欧洲",
        "continentEnglishName":"Europe",
        "countryName":"塞尔维亚",
        "countryEnglishName":"Republic of Serbia",
        "provinceName":"塞尔维亚",
        "provinceEnglishName":"Republic of Serbia",
        "provinceShortName":"塞尔维亚",
        "currentConfirmedCount":6413,
        "confirmedCount":7718,
        "suspectedCount":0,
        "curedCount":1153,
        "deadCount":152,
        "comment":"",
        "cities":null,
        "updateTime":1587641421321
    },
    {
        "locationId":965019,
        "continentName":"欧洲",
        "continentEnglishName":"Europe",
        "countryName":"马耳他",
        "countryEnglishName":"Malta",
        "provinceName":"马耳他",
        "provinceEnglishName":"Malta",
        "provinceShortName":"马耳他",
        "currentConfirmedCount":396,
        "confirmedCount":443,
        "suspectedCount":0,
        "curedCount":44,
        "deadCount":3,
        "comment":"",
        "cities":null,
        "updateTime":1587641421321
    },
    {
        "locationId":963007,
        "continentName":"欧洲",
        "continentEnglishName":"Europe",
        "countryName":"斯洛伐克",
        "countryEnglishName":"Slovakia",
        "provinceName":"斯洛伐克",
        "provinceEnglishName":"Slovakia",
        "provinceShortName":"斯洛伐克",
        "currentConfirmedCount":946,
        "confirmedCount":1244,
        "suspectedCount":0,
        "curedCount":284,
        "deadCount":14,
        "comment":"",
        "cities":null,
        "updateTime":1587641421321
    },
    {
        "locationId":965001,
        "continentName":"欧洲",
        "continentEnglishName":"Europe",
        "countryName":"阿尔巴尼亚",
        "countryEnglishName":"Albania",
        "provinceName":"阿尔巴尼亚",
        "provinceEnglishName":"Albania",
        "provinceShortName":"阿尔巴尼亚",
        "currentConfirmedCount":309,
        "confirmedCount":663,
        "suspectedCount":0,
        "curedCount":327,
        "deadCount":27,
        "comment":"",
        "cities":null,
        "updateTime":1587641421321
    },
    {
        "locationId":963006,
        "continentName":"欧洲",
        "continentEnglishName":"Europe",
        "countryName":"波兰",
        "countryEnglishName":"Poland",
        "provinceName":"波兰",
        "provinceEnglishName":"Poland",
        "provinceShortName":"波兰",
        "currentConfirmedCount":8230,
        "confirmedCount":10169,
        "suspectedCount":0,
        "curedCount":1513,
        "deadCount":426,
        "comment":"",
        "cities":null,
        "updateTime":1587641421321
    },
    {
        "locationId":964003,
        "continentName":"欧洲",
        "continentEnglishName":"Europe",
        "countryName":"拉脱维亚",
        "countryEnglishName":"Latvia",
        "provinceName":"拉脱维亚",
        "provinceEnglishName":"Latvia",
        "provinceShortName":"拉脱维亚",
        "currentConfirmedCount":679,
        "confirmedCount":761,
        "suspectedCount":0,
        "curedCount":71,
        "deadCount":11,
        "comment":"",
        "cities":null,
        "updateTime":1587640812690
    },
    {
        "locationId":963001,
        "continentName":"欧洲",
        "continentEnglishName":"Europe",
        "countryName":"奥地利",
        "countryEnglishName":"Austria",
        "provinceName":"奥地利",
        "provinceEnglishName":"Austria",
        "provinceShortName":"奥地利",
        "currentConfirmedCount":3079,
        "confirmedCount":14917,
        "suspectedCount":0,
        "curedCount":11328,
        "deadCount":510,
        "comment":"",
        "cities":null,
        "updateTime":1587640018576
    },
    {
        "locationId":965005,
        "continentName":"欧洲",
        "continentEnglishName":"Europe",
        "countryName":"克罗地亚",
        "countryEnglishName":"Croatia",
        "provinceName":"克罗地亚",
        "provinceEnglishName":"Croatia",
        "provinceShortName":"克罗地亚",
        "currentConfirmedCount":1033,
        "confirmedCount":1950,
        "suspectedCount":0,
        "curedCount":869,
        "deadCount":48,
        "comment":"",
        "cities":null,
        "updateTime":1587640018576
    },
    {
        "locationId":963004,
        "continentName":"欧洲",
        "continentEnglishName":"Europe",
        "countryName":"匈牙利",
        "countryEnglishName":"Hungary",
        "provinceName":"匈牙利",
        "provinceEnglishName":"Hungary",
        "provinceShortName":"匈牙利",
        "currentConfirmedCount":1648,
        "confirmedCount":2168,
        "suspectedCount":0,
        "curedCount":295,
        "deadCount":225,
        "comment":"",
        "cities":null,
        "updateTime":1587640018576
    },
    {
        "locationId":962005,
        "continentName":"欧洲",
        "continentEnglishName":"Europe",
        "countryName":"瑞典",
        "countryEnglishName":"Sweden",
        "provinceName":"瑞典",
        "provinceEnglishName":"Sweden",
        "provinceShortName":"瑞典",
        "currentConfirmedCount":13689,
        "confirmedCount":16147,
        "suspectedCount":0,
        "curedCount":516,
        "deadCount":1942,
        "comment":"",
        "cities":null,
        "updateTime":1587640018576
    },
    {
        "locationId":964006,
        "continentName":"欧洲",
        "continentEnglishName":"Europe",
        "countryName":"俄罗斯",
        "countryEnglishName":"Russia",
        "provinceName":"俄罗斯",
        "provinceEnglishName":"Russia",
        "provinceShortName":"俄罗斯",
        "currentConfirmedCount":57327,
        "confirmedCount":62773,
        "suspectedCount":0,
        "curedCount":4891,
        "deadCount":555,
        "comment":"",
        "cities":null,
        "updateTime":1587640018576
    },
    {
        "locationId":961001,
        "continentName":"欧洲",
        "continentEnglishName":"Europe",
        "countryName":"比利时",
        "countryEnglishName":"Belgium",
        "provinceName":"比利时",
        "provinceEnglishName":"Belgium",
        "provinceShortName":"比利时",
        "currentConfirmedCount":26507,
        "confirmedCount":42797,
        "suspectedCount":0,
        "curedCount":9800,
        "deadCount":6490,
        "comment":"",
        "cities":null,
        "updateTime":1587640018576
    },
    {
        "locationId":963008,
        "continentName":"欧洲",
        "continentEnglishName":"Europe",
        "countryName":"瑞士",
        "countryEnglishName":"Switzerland",
        "provinceName":"瑞士",
        "provinceEnglishName":"Switzerland",
        "provinceShortName":"瑞士",
        "currentConfirmedCount":6772,
        "confirmedCount":28197,
        "suspectedCount":0,
        "curedCount":19900,
        "deadCount":1525,
        "comment":"",
        "cities":null,
        "updateTime":1587640018576
    },
    {
        "locationId":965015,
        "continentName":"欧洲",
        "continentEnglishName":"Europe",
        "countryName":"西班牙",
        "countryEnglishName":"Spain",
        "provinceName":"西班牙",
        "provinceEnglishName":"Spain",
        "provinceShortName":"西班牙",
        "currentConfirmedCount":101617,
        "confirmedCount":213024,
        "suspectedCount":0,
        "curedCount":89250,
        "deadCount":22157,
        "comment":"",
        "cities":null,
        "updateTime":1587640018576
    },
    {
        "locationId":963003,
        "continentName":"欧洲",
        "continentEnglishName":"Europe",
        "countryName":"德国",
        "countryEnglishName":"Germany",
        "provinceName":"德国",
        "provinceEnglishName":"Germany",
        "provinceShortName":"德国",
        "currentConfirmedCount":39652,
        "confirmedCount":148046,
        "suspectedCount":0,
        "curedCount":103300,
        "deadCount":5094,
        "comment":"",
        "cities":null,
        "updateTime":1587640018576
    },
    {
        "locationId":0,
        "continentName":"欧洲",
        "continentEnglishName":"Europe",
        "countryName":"直布罗陀",
        "countryEnglishName":"Gibraltar",
        "provinceName":"直布罗陀",
        "provinceEnglishName":"Gibraltar",
        "provinceShortName":"直布罗陀",
        "currentConfirmedCount":132,
        "confirmedCount":133,
        "suspectedCount":0,
        "curedCount":0,
        "deadCount":1,
        "comment":"",
        "cities":null,
        "updateTime":1587625611335
    },
    {
        "locationId":965010,
        "continentName":"欧洲",
        "continentEnglishName":"Europe",
        "countryName":"葡萄牙",
        "countryEnglishName":"Portugal",
        "provinceName":"葡萄牙",
        "provinceEnglishName":"Portugal",
        "provinceShortName":"葡萄牙",
        "currentConfirmedCount":20054,
        "confirmedCount":21982,
        "suspectedCount":0,
        "curedCount":1143,
        "deadCount":785,
        "comment":"",
        "cities":null,
        "updateTime":1587625611335
    },
    {
        "locationId":961002,
        "continentName":"欧洲",
        "continentEnglishName":"Europe",
        "countryName":"法国",
        "countryEnglishName":"France",
        "provinceName":"法国",
        "provinceEnglishName":"France",
        "provinceShortName":"法国",
        "currentConfirmedCount":57154,
        "confirmedCount":119151,
        "suspectedCount":0,
        "curedCount":40657,
        "deadCount":21340,
        "comment":"",
        "cities":null,
        "updateTime":1587625611335
    },
    {
        "locationId":965011,
        "continentName":"欧洲",
        "continentEnglishName":"Europe",
        "countryName":"罗马尼亚",
        "countryEnglishName":"Romania",
        "provinceName":"罗马尼亚",
        "provinceEnglishName":"Romania",
        "provinceShortName":"罗马尼亚",
        "currentConfirmedCount":6796,
        "confirmedCount":9710,
        "suspectedCount":0,
        "curedCount":2406,
        "deadCount":508,
        "comment":"",
        "cities":null,
        "updateTime":1587625611335
    },
    {
        "locationId":964002,
        "continentName":"欧洲",
        "continentEnglishName":"Europe",
        "countryName":"爱沙尼亚",
        "countryEnglishName":"Estonia",
        "provinceName":"爱沙尼亚",
        "provinceEnglishName":"Estonia",
        "provinceShortName":"爱沙尼亚",
        "currentConfirmedCount":1331,
        "confirmedCount":1559,
        "suspectedCount":0,
        "curedCount":184,
        "deadCount":44,
        "comment":"",
        "cities":null,
        "updateTime":1587625611335
    },
    {
        "locationId":0,
        "continentName":"欧洲",
        "continentEnglishName":"Europe",
        "countryName":"马恩岛",
        "countryEnglishName":"Isle of Man",
        "provinceName":"马恩岛",
        "provinceEnglishName":"Isle of Man",
        "provinceShortName":"马恩岛",
        "currentConfirmedCount":297,
        "confirmedCount":307,
        "suspectedCount":0,
        "curedCount":0,
        "deadCount":10,
        "comment":"",
        "cities":null,
        "updateTime":1587625611335
    },
    {
        "locationId":0,
        "continentName":"欧洲",
        "continentEnglishName":"Europe",
        "countryName":"北马其顿",
        "countryEnglishName":"North Macedonia",
        "provinceName":"北马其顿",
        "provinceEnglishName":"North Macedonia",
        "provinceShortName":"北马其顿",
        "currentConfirmedCount":931,
        "confirmedCount":1259,
        "suspectedCount":0,
        "curedCount":272,
        "deadCount":56,
        "comment":"",
        "cities":null,
        "updateTime":1587625611335
    },
    {
        "locationId":961007,
        "continentName":"欧洲",
        "continentEnglishName":"Europe",
        "countryName":"英国",
        "countryEnglishName":"United Kingdom",
        "provinceName":"英国",
        "provinceEnglishName":"United Kingdom",
        "provinceShortName":"英国",
        "currentConfirmedCount":115051,
        "confirmedCount":133495,
        "suspectedCount":0,
        "curedCount":344,
        "deadCount":18100,
        "comment":"",
        "cities":null,
        "updateTime":1587625611335
    },
    {
        "locationId":965008,
        "continentName":"欧洲",
        "continentEnglishName":"Europe",
        "countryName":"意大利",
        "countryEnglishName":"Italy",
        "provinceName":"意大利",
        "provinceEnglishName":"Italy",
        "provinceShortName":"意大利",
        "currentConfirmedCount":107699,
        "confirmedCount":187327,
        "suspectedCount":0,
        "curedCount":54543,
        "deadCount":25085,
        "comment":"",
        "cities":null,
        "updateTime":1587625611335
    },
    {
        "locationId":962001,
        "continentName":"欧洲",
        "continentEnglishName":"Europe",
        "countryName":"丹麦",
        "countryEnglishName":"Denmark",
        "provinceName":"丹麦",
        "provinceEnglishName":"Denmark",
        "provinceShortName":"丹麦",
        "currentConfirmedCount":4780,
        "confirmedCount":7912,
        "suspectedCount":0,
        "curedCount":2748,
        "deadCount":384,
        "comment":"",
        "cities":null,
        "updateTime":1587625611335
    },
    {
        "locationId":962003,
        "continentName":"欧洲",
        "continentEnglishName":"Europe",
        "countryName":"冰岛",
        "countryEnglishName":"Iceland",
        "provinceName":"冰岛",
        "provinceEnglishName":"Iceland",
        "provinceShortName":"冰岛",
        "currentConfirmedCount":313,
        "confirmedCount":1785,
        "suspectedCount":0,
        "curedCount":1462,
        "deadCount":10,
        "comment":"",
        "cities":null,
        "updateTime":1587625611335
    },
    {
        "locationId":965014,
        "continentName":"欧洲",
        "continentEnglishName":"Europe",
        "countryName":"斯洛文尼亚",
        "countryEnglishName":"Slovenia",
        "provinceName":"斯洛文尼亚",
        "provinceEnglishName":"Slovenia",
        "provinceShortName":"斯洛文尼亚",
        "currentConfirmedCount":1077,
        "confirmedCount":1353,
        "suspectedCount":0,
        "curedCount":197,
        "deadCount":79,
        "comment":"",
        "cities":null,
        "updateTime":1587625611335
    },
    {
        "locationId":965002,
        "continentName":"欧洲",
        "continentEnglishName":"Europe",
        "countryName":"安道尔",
        "countryEnglishName":"Andorra",
        "provinceName":"安道尔",
        "provinceEnglishName":"Andorra",
        "provinceShortName":"安道尔",
        "currentConfirmedCount":377,
        "confirmedCount":723,
        "suspectedCount":0,
        "curedCount":309,
        "deadCount":37,
        "comment":"",
        "cities":null,
        "updateTime":1587625611335
    },
    {
        "locationId":965007,
        "continentName":"欧洲",
        "continentEnglishName":"Europe",
        "countryName":"希腊",
        "countryEnglishName":"Greece",
        "provinceName":"希腊",
        "provinceEnglishName":"Greece",
        "provinceShortName":"希腊",
        "currentConfirmedCount":2261,
        "confirmedCount":2401,
        "suspectedCount":0,
        "curedCount":19,
        "deadCount":121,
        "comment":"",
        "cities":null,
        "updateTime":1587625611335
    },
    {
        "locationId":962002,
        "continentName":"欧洲",
        "continentEnglishName":"Europe",
        "countryName":"芬兰",
        "countryEnglishName":"Finland",
        "provinceName":"芬兰",
        "provinceEnglishName":"Finland",
        "provinceShortName":"芬兰",
        "currentConfirmedCount":3970,
        "confirmedCount":4129,
        "suspectedCount":0,
        "curedCount":10,
        "deadCount":149,
        "comment":"",
        "cities":null,
        "updateTime":1587625611335
    },
    {
        "locationId":965003,
        "continentName":"欧洲",
        "continentEnglishName":"Europe",
        "countryName":"波黑",
        "countryEnglishName":"Bosnia and Herzegovina",
        "provinceName":"波黑",
        "provinceEnglishName":"Bosnia and Herzegovina",
        "provinceShortName":"波黑",
        "currentConfirmedCount":836,
        "confirmedCount":1350,
        "suspectedCount":0,
        "curedCount":460,
        "deadCount":54,
        "comment":"",
        "cities":null,
        "updateTime":1587625611335
    },
    {
        "locationId":965018,
        "continentName":"欧洲",
        "continentEnglishName":"Europe",
        "countryName":"黑山",
        "countryEnglishName":null,
        "provinceName":"黑山",
        "provinceEnglishName":null,
        "provinceShortName":"黑山",
        "currentConfirmedCount":194,
        "confirmedCount":315,
        "suspectedCount":0,
        "curedCount":116,
        "deadCount":5,
        "comment":"",
        "cities":null,
        "updateTime":1587625611335
    },
    {
        "locationId":964004,
        "continentName":"欧洲",
        "continentEnglishName":"Europe",
        "countryName":"立陶宛",
        "countryEnglishName":"Lithuania",
        "provinceName":"立陶宛",
        "provinceEnglishName":"Lithuania",
        "provinceShortName":"立陶宛",
        "currentConfirmedCount":975,
        "confirmedCount":1370,
        "suspectedCount":0,
        "curedCount":357,
        "deadCount":38,
        "comment":"",
        "cities":null,
        "updateTime":1587625611335
    },
    {
        "locationId":961004,
        "continentName":"欧洲",
        "continentEnglishName":"Europe",
        "countryName":"卢森堡",
        "countryEnglishName":"Luxembourg",
        "provinceName":"卢森堡",
        "provinceEnglishName":"Luxembourg",
        "provinceShortName":"卢森堡",
        "currentConfirmedCount":3333,
        "confirmedCount":3654,
        "suspectedCount":0,
        "curedCount":241,
        "deadCount":80,
        "comment":"",
        "cities":null,
        "updateTime":1587625611335
    },
    {
        "locationId":0,
        "continentName":"欧洲",
        "continentEnglishName":"Europe",
        "countryName":"法罗群岛",
        "countryEnglishName":"Faroe",
        "provinceName":"法罗群岛",
        "provinceEnglishName":"Faroe",
        "provinceShortName":"法罗群岛",
        "currentConfirmedCount":185,
        "confirmedCount":185,
        "suspectedCount":0,
        "curedCount":0,
        "deadCount":0,
        "comment":"",
        "cities":null,
        "updateTime":1587625611335
    },
    {
        "locationId":964005,
        "continentName":"欧洲",
        "continentEnglishName":"Europe",
        "countryName":"摩尔多瓦",
        "countryEnglishName":"Moldova",
        "provinceName":"摩尔多瓦",
        "provinceEnglishName":"Moldova",
        "provinceShortName":"摩尔多瓦",
        "currentConfirmedCount":2063,
        "confirmedCount":2641,
        "suspectedCount":0,
        "curedCount":505,
        "deadCount":73,
        "comment":"",
        "cities":null,
        "updateTime":1587625611335
    },
    {
        "locationId":961006,
        "continentName":"欧洲",
        "continentEnglishName":"Europe",
        "countryName":"荷兰",
        "countryEnglishName":"Netherlands",
        "provinceName":"荷兰",
        "provinceEnglishName":"Netherlands",
        "provinceShortName":"荷兰",
        "currentConfirmedCount":30497,
        "confirmedCount":34842,
        "suspectedCount":0,
        "curedCount":291,
        "deadCount":4054,
        "comment":"",
        "cities":null,
        "updateTime":1587625611335
    },
    {
        "locationId":965017,
        "continentName":"欧洲",
        "continentEnglishName":"Europe",
        "countryName":"梵蒂冈",
        "countryEnglishName":"Status Civitatis Vaticanae",
        "provinceName":"梵蒂冈",
        "provinceEnglishName":"Status Civitatis Vaticanae",
        "provinceShortName":"梵蒂冈",
        "currentConfirmedCount":9,
        "confirmedCount":9,
        "suspectedCount":0,
        "curedCount":0,
        "deadCount":0,
        "comment":"",
        "cities":null,
        "updateTime":1587566916362
    },
    {
        "locationId":963005,
        "continentName":"欧洲",
        "continentEnglishName":"Europe",
        "countryName":"列支敦士登",
        "countryEnglishName":"Liechtenstein",
        "provinceName":"列支敦士登",
        "provinceEnglishName":"Liechtenstein",
        "provinceShortName":"列支敦士登",
        "currentConfirmedCount":81,
        "confirmedCount":82,
        "suspectedCount":0,
        "curedCount":0,
        "deadCount":1,
        "comment":"",
        "cities":null,
        "updateTime":1587566916362
    },
    {
        "locationId":961005,
        "continentName":"欧洲",
        "continentEnglishName":"Europe",
        "countryName":"摩纳哥",
        "countryEnglishName":"Monaco",
        "provinceName":"摩纳哥",
        "provinceEnglishName":"Monaco",
        "provinceShortName":"摩纳哥",
        "currentConfirmedCount":92,
        "confirmedCount":98,
        "suspectedCount":0,
        "curedCount":3,
        "deadCount":3,
        "comment":"",
        "cities":null,
        "updateTime":1587554417113
    },
    {
        "locationId":0,
        "continentName":"欧洲",
        "continentEnglishName":"Europe",
        "countryName":"科索沃",
        "countryEnglishName":null,
        "provinceName":"科索沃",
        "provinceEnglishName":null,
        "provinceShortName":"科索沃",
        "currentConfirmedCount":30,
        "confirmedCount":31,
        "suspectedCount":0,
        "curedCount":0,
        "deadCount":1,
        "comment":"",
        "cities":null,
        "updateTime":1585040981468
    },
    {
        "locationId":0,
        "continentName":"欧洲",
        "continentEnglishName":"Europe",
        "countryName":"大不列颠及北爱尔兰联合王国",
        "countryEnglishName":"United Kingdom of Great Britain and Ireland",
        "provinceName":"大不列颠及北爱尔兰联合王国",
        "provinceEnglishName":"United Kingdom of Great Britain and Ireland",
        "provinceShortName":"大不列颠及北爱尔兰联合王国",
        "currentConfirmedCount":12,
        "confirmedCount":20,
        "suspectedCount":0,
        "curedCount":8,
        "deadCount":0,
        "comment":"",
        "cities":null,
        "updateTime":1582960272252
    },
    {
        "locationId":0,
        "continentName":"欧洲",
        "continentEnglishName":"Europe",
        "countryName":"英国（含北爱尔兰）",
        "countryEnglishName":"United Kingdom",
        "provinceName":"英国（含北爱尔兰）",
        "provinceEnglishName":"United Kingdom",
        "provinceShortName":"英国（含北爱尔兰）",
        "currentConfirmedCount":12,
        "confirmedCount":20,
        "suspectedCount":0,
        "curedCount":8,
        "deadCount":0,
        "comment":"",
        "cities":null,
        "updateTime":1582952928516
    },
    {
        "locationId":0,
        "continentName":"欧洲",
        "continentEnglishName":"Europe",
        "countryName":"北爱尔兰",
        "countryEnglishName":"Northern Ireland",
        "provinceName":"北爱尔兰",
        "provinceEnglishName":"Northern Ireland",
        "provinceShortName":"北爱尔兰",
        "currentConfirmedCount":1,
        "confirmedCount":1,
        "suspectedCount":0,
        "curedCount":0,
        "deadCount":0,
        "comment":"",
        "cities":null,
        "updateTime":1582864428698
    }
]