[
    {
        "locationId":973004,
        "continentName":"南美洲",
        "continentEnglishName":"South America",
        "countryName":"智利",
        "countryEnglishName":"Chile",
        "provinceName":"智利",
        "provinceEnglishName":"Chile",
        "provinceShortName":"智利",
        "currentConfirmedCount":5750,
        "confirmedCount":11296,
        "suspectedCount":0,
        "curedCount":5386,
        "deadCount":160,
        "comment":"",
        "cities":null,
        "updateTime":1587641421321
    },
    {
        "locationId":973005,
        "continentName":"南美洲",
        "continentEnglishName":"South America",
        "countryName":"哥伦比亚",
        "countryEnglishName":"Colombia",
        "provinceName":"哥伦比亚",
        "provinceEnglishName":"Colombia",
        "provinceShortName":"哥伦比亚",
        "currentConfirmedCount":4065,
        "confirmedCount":4356,
        "suspectedCount":0,
        "curedCount":85,
        "deadCount":206,
        "comment":"",
        "cities":null,
        "updateTime":1587641421321
    },
    {
        "locationId":973006,
        "continentName":"南美洲",
        "continentEnglishName":"South America",
        "countryName":"厄瓜多尔",
        "countryEnglishName":"Ecuador",
        "provinceName":"厄瓜多尔",
        "provinceEnglishName":"Ecuador",
        "provinceShortName":"厄瓜多尔",
        "currentConfirmedCount":9377,
        "confirmedCount":10398,
        "suspectedCount":0,
        "curedCount":501,
        "deadCount":520,
        "comment":"",
        "cities":null,
        "updateTime":1587640812690
    },
    {
        "locationId":973008,
        "continentName":"南美洲",
        "continentEnglishName":"South America",
        "countryName":"秘鲁",
        "countryEnglishName":"Peru",
        "provinceName":"秘鲁",
        "provinceEnglishName":"Peru",
        "provinceShortName":"秘鲁",
        "currentConfirmedCount":11693,
        "confirmedCount":19250,
        "suspectedCount":0,
        "curedCount":7027,
        "deadCount":530,
        "comment":"",
        "cities":null,
        "updateTime":1587640018576
    },
    {
        "locationId":0,
        "continentName":"南美洲",
        "continentEnglishName":"South America",
        "countryName":"委内瑞拉",
        "countryEnglishName":"Venezuela",
        "provinceName":"委内瑞拉",
        "provinceEnglishName":"Venezuela",
        "provinceShortName":"委内瑞拉",
        "currentConfirmedCount":275,
        "confirmedCount":285,
        "suspectedCount":0,
        "curedCount":0,
        "deadCount":10,
        "comment":"",
        "cities":null,
        "updateTime":1587625611335
    },
    {
        "locationId":973010,
        "continentName":"南美洲",
        "continentEnglishName":"South America",
        "countryName":"苏里南",
        "countryEnglishName":"Suriname",
        "provinceName":"苏里南",
        "provinceEnglishName":"Suriname",
        "provinceShortName":"苏里南",
        "currentConfirmedCount":3,
        "confirmedCount":10,
        "suspectedCount":0,
        "curedCount":6,
        "deadCount":1,
        "comment":"",
        "cities":null,
        "updateTime":1587625611335
    },
    {
        "locationId":973009,
        "continentName":"南美洲",
        "continentEnglishName":"South America",
        "countryName":"巴拉圭",
        "countryEnglishName":"Paraguay",
        "provinceName":"巴拉圭",
        "provinceEnglishName":"Paraguay",
        "provinceShortName":"巴拉圭",
        "currentConfirmedCount":170,
        "confirmedCount":208,
        "suspectedCount":0,
        "curedCount":30,
        "deadCount":8,
        "comment":"",
        "cities":null,
        "updateTime":1587625611335
    },
    {
        "locationId":973002,
        "continentName":"南美洲",
        "continentEnglishName":"South America",
        "countryName":"玻利维亚",
        "countryEnglishName":"Bolivia",
        "provinceName":"玻利维亚",
        "provinceEnglishName":"Bolivia",
        "provinceShortName":"玻利维亚",
        "currentConfirmedCount":564,
        "confirmedCount":598,
        "suspectedCount":0,
        "curedCount":0,
        "deadCount":34,
        "comment":"",
        "cities":null,
        "updateTime":1587625611335
    },
    {
        "locationId":973003,
        "continentName":"南美洲",
        "continentEnglishName":"South America",
        "countryName":"巴西",
        "countryEnglishName":"Brazil",
        "provinceName":"巴西",
        "provinceEnglishName":"Brazil",
        "provinceShortName":"巴西",
        "currentConfirmedCount":17533,
        "confirmedCount":45757,
        "suspectedCount":0,
        "curedCount":25318,
        "deadCount":2906,
        "comment":"",
        "cities":null,
        "updateTime":1587625611335
    },
    {
        "locationId":973001,
        "continentName":"南美洲",
        "continentEnglishName":"South America",
        "countryName":"阿根廷",
        "countryEnglishName":"Argentina",
        "provinceName":"阿根廷",
        "provinceEnglishName":"Argentina",
        "provinceShortName":"阿根廷",
        "currentConfirmedCount":2392,
        "confirmedCount":3288,
        "suspectedCount":0,
        "curedCount":737,
        "deadCount":159,
        "comment":"",
        "cities":null,
        "updateTime":1587625611335
    },
    {
        "locationId":973011,
        "continentName":"南美洲",
        "continentEnglishName":"South America",
        "countryName":"乌拉圭",
        "countryEnglishName":"Uruguay",
        "provinceName":"乌拉圭",
        "provinceEnglishName":"Uruguay",
        "provinceShortName":"乌拉圭",
        "currentConfirmedCount":200,
        "confirmedCount":549,
        "suspectedCount":0,
        "curedCount":337,
        "deadCount":12,
        "comment":"",
        "cities":null,
        "updateTime":1587625611335
    },
    {
        "locationId":0,
        "continentName":"南美洲",
        "continentEnglishName":"South America",
        "countryName":"法属圭亚那",
        "countryEnglishName":"French Guiana",
        "provinceName":"法属圭亚那",
        "provinceEnglishName":"French Guiana",
        "provinceShortName":"法属圭亚那",
        "currentConfirmedCount":96,
        "confirmedCount":97,
        "suspectedCount":0,
        "curedCount":0,
        "deadCount":1,
        "comment":"",
        "cities":null,
        "updateTime":1587566916362
    },
    {
        "locationId":973007,
        "continentName":"南美洲",
        "continentEnglishName":"South America",
        "countryName":"圭亚那",
        "countryEnglishName":"Guyana",
        "provinceName":"圭亚那",
        "provinceEnglishName":"Guyana",
        "provinceShortName":"圭亚那",
        "currentConfirmedCount":51,
        "confirmedCount":67,
        "suspectedCount":0,
        "curedCount":9,
        "deadCount":7,
        "comment":"",
        "cities":null,
        "updateTime":1587566916362
    },
    {
        "locationId":0,
        "continentName":"南美洲",
        "continentEnglishName":"South America",
        "countryName":"荷兰加勒比地区",
        "countryEnglishName":null,
        "provinceName":"荷兰加勒比地区",
        "provinceEnglishName":null,
        "provinceShortName":"荷兰加勒比地区",
        "currentConfirmedCount":5,
        "confirmedCount":5,
        "suspectedCount":0,
        "curedCount":0,
        "deadCount":0,
        "comment":"",
        "cities":null,
        "updateTime":1587554417113
    },
    {
        "locationId":0,
        "continentName":"南美洲",
        "continentEnglishName":"South America",
        "countryName":"福克兰群岛",
        "countryEnglishName":null,
        "provinceName":"福克兰群岛",
        "provinceEnglishName":null,
        "provinceShortName":"福克兰群岛",
        "currentConfirmedCount":11,
        "confirmedCount":11,
        "suspectedCount":0,
        "curedCount":0,
        "deadCount":0,
        "comment":"",
        "cities":null,
        "updateTime":1587511949011
    }
]