[
    {
        "locationId":0,
        "continentName":"南美洲",
        "continentEnglishName":"South America",
        "countryName":"委内瑞拉",
        "countryEnglishName":"Venezuela",
        "provinceName":"委内瑞拉",
        "provinceEnglishName":"Venezuela",
        "provinceShortName":"委内瑞拉",
        "currentConfirmedCount":132,
        "confirmedCount":135,
        "suspectedCount":0,
        "curedCount":0,
        "deadCount":3,
        "comment":"",
        "cities":null,
        "updateTime":1585840468087
    },
    {
        "locationId":973008,
        "continentName":"南美洲",
        "continentEnglishName":"South America",
        "countryName":"秘鲁",
        "countryEnglishName":"Peru",
        "provinceName":"秘鲁",
        "provinceEnglishName":"Peru",
        "provinceShortName":"秘鲁",
        "currentConfirmedCount":641,
        "confirmedCount":1065,
        "suspectedCount":0,
        "curedCount":394,
        "deadCount":30,
        "comment":"",
        "cities":null,
        "updateTime":1585840468087
    },
    {
        "locationId":973011,
        "continentName":"南美洲",
        "continentEnglishName":"South America",
        "countryName":"乌拉圭",
        "countryEnglishName":"Uruguay",
        "provinceName":"乌拉圭",
        "provinceEnglishName":"Uruguay",
        "provinceShortName":"乌拉圭",
        "currentConfirmedCount":296,
        "confirmedCount":338,
        "suspectedCount":0,
        "curedCount":41,
        "deadCount":1,
        "comment":"",
        "cities":null,
        "updateTime":1585840468087
    },
    {
        "locationId":973001,
        "continentName":"南美洲",
        "continentEnglishName":"South America",
        "countryName":"阿根廷",
        "countryEnglishName":"Argentina",
        "provinceName":"阿根廷",
        "provinceEnglishName":"Argentina",
        "provinceShortName":"阿根廷",
        "currentConfirmedCount":861,
        "confirmedCount":1133,
        "suspectedCount":0,
        "curedCount":240,
        "deadCount":32,
        "comment":"",
        "cities":null,
        "updateTime":1585840468087
    },
    {
        "locationId":973002,
        "continentName":"南美洲",
        "continentEnglishName":"South America",
        "countryName":"玻利维亚",
        "countryEnglishName":"Bolivia",
        "provinceName":"玻利维亚",
        "provinceEnglishName":"Bolivia",
        "provinceShortName":"玻利维亚",
        "currentConfirmedCount":101,
        "confirmedCount":107,
        "suspectedCount":0,
        "curedCount":0,
        "deadCount":6,
        "comment":"",
        "cities":null,
        "updateTime":1585835068765
    },
    {
        "locationId":973005,
        "continentName":"南美洲",
        "continentEnglishName":"South America",
        "countryName":"哥伦比亚",
        "countryEnglishName":"Colombia",
        "provinceName":"哥伦比亚",
        "provinceEnglishName":"Colombia",
        "provinceShortName":"哥伦比亚",
        "currentConfirmedCount":859,
        "confirmedCount":906,
        "suspectedCount":0,
        "curedCount":31,
        "deadCount":16,
        "comment":"",
        "cities":null,
        "updateTime":1585835008169
    },
    {
        "locationId":973004,
        "continentName":"南美洲",
        "continentEnglishName":"South America",
        "countryName":"智利",
        "countryEnglishName":"Chile",
        "provinceName":"智利",
        "provinceEnglishName":"Chile",
        "provinceShortName":"智利",
        "currentConfirmedCount":2781,
        "confirmedCount":3031,
        "suspectedCount":0,
        "curedCount":234,
        "deadCount":16,
        "comment":"",
        "cities":null,
        "updateTime":1585835008169
    },
    {
        "locationId":973009,
        "continentName":"南美洲",
        "continentEnglishName":"South America",
        "countryName":"巴拉圭",
        "countryEnglishName":"Paraguay",
        "provinceName":"巴拉圭",
        "provinceEnglishName":"Paraguay",
        "provinceShortName":"巴拉圭",
        "currentConfirmedCount":61,
        "confirmedCount":65,
        "suspectedCount":0,
        "curedCount":1,
        "deadCount":3,
        "comment":"",
        "cities":null,
        "updateTime":1585806595681
    },
    {
        "locationId":973006,
        "continentName":"南美洲",
        "continentEnglishName":"South America",
        "countryName":"厄瓜多尔",
        "countryEnglishName":"Ecuador",
        "provinceName":"厄瓜多尔",
        "provinceEnglishName":"Ecuador",
        "provinceShortName":"厄瓜多尔",
        "currentConfirmedCount":2655,
        "confirmedCount":2748,
        "suspectedCount":0,
        "curedCount":0,
        "deadCount":93,
        "comment":"",
        "cities":null,
        "updateTime":1585806595681
    },
    {
        "locationId":973010,
        "continentName":"南美洲",
        "continentEnglishName":"South America",
        "countryName":"苏里南",
        "countryEnglishName":"Suriname",
        "provinceName":"苏里南",
        "provinceEnglishName":"Suriname",
        "provinceShortName":"苏里南",
        "currentConfirmedCount":9,
        "confirmedCount":9,
        "suspectedCount":0,
        "curedCount":0,
        "deadCount":0,
        "comment":"",
        "cities":null,
        "updateTime":1585806595681
    },
    {
        "locationId":0,
        "continentName":"南美洲",
        "continentEnglishName":"South America",
        "countryName":"法属圭亚那",
        "countryEnglishName":"French Guiana",
        "provinceName":"法属圭亚那",
        "provinceEnglishName":"French Guiana",
        "provinceShortName":"法属圭亚那",
        "currentConfirmedCount":46,
        "confirmedCount":46,
        "suspectedCount":0,
        "curedCount":0,
        "deadCount":0,
        "comment":"",
        "cities":null,
        "updateTime":1585806595681
    },
    {
        "locationId":973007,
        "continentName":"南美洲",
        "continentEnglishName":"South America",
        "countryName":"圭亚那",
        "countryEnglishName":"Guyana",
        "provinceName":"圭亚那",
        "provinceEnglishName":"Guyana",
        "provinceShortName":"圭亚那",
        "currentConfirmedCount":10,
        "confirmedCount":12,
        "suspectedCount":0,
        "curedCount":0,
        "deadCount":2,
        "comment":"",
        "cities":null,
        "updateTime":1585806595681
    },
    {
        "locationId":973003,
        "continentName":"南美洲",
        "continentEnglishName":"South America",
        "countryName":"巴西",
        "countryEnglishName":"Brazil",
        "provinceName":"巴西",
        "provinceEnglishName":"Brazil",
        "provinceShortName":"巴西",
        "currentConfirmedCount":6595,
        "confirmedCount":6836,
        "suspectedCount":0,
        "curedCount":0,
        "deadCount":241,
        "comment":"",
        "cities":null,
        "updateTime":1585806595681
    }
]