[
    {
        "locationId":990007,
        "continentName":"大洋洲",
        "continentEnglishName":"Oceania",
        "countryName":"新西兰",
        "countryEnglishName":"New Zealand",
        "provinceName":"新西兰",
        "provinceEnglishName":"New Zealand",
        "provinceShortName":"新西兰",
        "currentConfirmedCount":672,
        "confirmedCount":723,
        "suspectedCount":4,
        "curedCount":50,
        "deadCount":1,
        "comment":"",
        "cities":null,
        "updateTime":1585835008169
    },
    {
        "locationId":990001,
        "continentName":"大洋洲",
        "continentEnglishName":"Oceania",
        "countryName":"澳大利亚",
        "countryEnglishName":"Australia",
        "provinceName":"澳大利亚",
        "provinceEnglishName":"Australia",
        "provinceShortName":"澳大利亚",
        "currentConfirmedCount":4991,
        "confirmedCount":5133,
        "suspectedCount":0,
        "curedCount":119,
        "deadCount":23,
        "comment":"",
        "cities":null,
        "updateTime":1585835008169
    },
    {
        "locationId":0,
        "continentName":"大洋洲",
        "continentEnglishName":"Oceania",
        "countryName":"法属波利尼西亚",
        "countryEnglishName":"French Polynesia",
        "provinceName":"法属波利尼西亚",
        "provinceEnglishName":"French Polynesia",
        "provinceShortName":"法属波利尼西亚",
        "currentConfirmedCount":37,
        "confirmedCount":37,
        "suspectedCount":0,
        "curedCount":0,
        "deadCount":0,
        "comment":"",
        "cities":null,
        "updateTime":1585806595681
    },
    {
        "locationId":0,
        "continentName":"大洋洲",
        "continentEnglishName":"Oceania",
        "countryName":"北马里亚纳群岛联邦",
        "countryEnglishName":null,
        "provinceName":"北马里亚纳群岛联邦",
        "provinceEnglishName":null,
        "provinceShortName":"北马里亚纳群岛联邦",
        "currentConfirmedCount":5,
        "confirmedCount":6,
        "suspectedCount":0,
        "curedCount":0,
        "deadCount":1,
        "comment":"",
        "cities":null,
        "updateTime":1585806595681
    },
    {
        "locationId":0,
        "continentName":"大洋洲",
        "continentEnglishName":"Oceania",
        "countryName":"关岛",
        "countryEnglishName":"Guam",
        "provinceName":"关岛",
        "provinceEnglishName":"Guam",
        "provinceShortName":"关岛",
        "currentConfirmedCount":67,
        "confirmedCount":69,
        "suspectedCount":0,
        "curedCount":0,
        "deadCount":2,
        "comment":"",
        "cities":null,
        "updateTime":1585806595681
    },
    {
        "locationId":0,
        "continentName":"大洋洲",
        "continentEnglishName":"Oceania",
        "countryName":"新喀里多尼亚",
        "countryEnglishName":null,
        "provinceName":"新喀里多尼亚",
        "provinceEnglishName":null,
        "provinceShortName":"新喀里多尼亚",
        "currentConfirmedCount":16,
        "confirmedCount":16,
        "suspectedCount":0,
        "curedCount":0,
        "deadCount":0,
        "comment":"",
        "cities":null,
        "updateTime":1585806595681
    },
    {
        "locationId":990002,
        "continentName":"大洋洲",
        "continentEnglishName":"Oceania",
        "countryName":"斐济",
        "countryEnglishName":"Fiji",
        "provinceName":"斐济",
        "provinceEnglishName":"Fiji",
        "provinceShortName":"斐济",
        "currentConfirmedCount":5,
        "confirmedCount":5,
        "suspectedCount":0,
        "curedCount":0,
        "deadCount":0,
        "comment":"",
        "cities":null,
        "updateTime":1585740653465
    },
    {
        "locationId":990009,
        "continentName":"大洋洲",
        "continentEnglishName":"Oceania",
        "countryName":"巴布亚新几内亚",
        "countryEnglishName":"Papua New Guinea",
        "provinceName":"巴布亚新几内亚",
        "provinceEnglishName":"Papua New Guinea",
        "provinceShortName":"巴布亚新几内亚",
        "currentConfirmedCount":1,
        "confirmedCount":1,
        "suspectedCount":0,
        "curedCount":0,
        "deadCount":0,
        "comment":"",
        "cities":null,
        "updateTime":1585740653465
    }
]