[
    {
        "locationId":962003,
        "continentName":"欧洲",
        "continentEnglishName":"Europe",
        "countryName":"冰岛",
        "countryEnglishName":"Iceland",
        "provinceName":"冰岛",
        "provinceEnglishName":"Iceland",
        "provinceShortName":"冰岛",
        "currentConfirmedCount":982,
        "confirmedCount":1220,
        "suspectedCount":0,
        "curedCount":236,
        "deadCount":2,
        "comment":"",
        "cities":null,
        "updateTime":1585840468087
    },
    {
        "locationId":965007,
        "continentName":"欧洲",
        "continentEnglishName":"Europe",
        "countryName":"希腊",
        "countryEnglishName":"Greece",
        "provinceName":"希腊",
        "provinceEnglishName":"Greece",
        "provinceShortName":"希腊",
        "currentConfirmedCount":1346,
        "confirmedCount":1415,
        "suspectedCount":0,
        "curedCount":19,
        "deadCount":50,
        "comment":"",
        "cities":null,
        "updateTime":1585840468087
    },
    {
        "locationId":964006,
        "continentName":"欧洲",
        "continentEnglishName":"Europe",
        "countryName":"俄罗斯",
        "countryEnglishName":"Russia",
        "provinceName":"俄罗斯",
        "provinceEnglishName":"Russia",
        "provinceShortName":"俄罗斯",
        "currentConfirmedCount":3283,
        "confirmedCount":3548,
        "suspectedCount":0,
        "curedCount":235,
        "deadCount":30,
        "comment":"",
        "cities":null,
        "updateTime":1585840468087
    },
    {
        "locationId":965002,
        "continentName":"欧洲",
        "continentEnglishName":"Europe",
        "countryName":"安道尔",
        "countryEnglishName":"Andorra",
        "provinceName":"安道尔",
        "provinceEnglishName":"Andorra",
        "provinceShortName":"安道尔",
        "currentConfirmedCount":365,
        "confirmedCount":390,
        "suspectedCount":0,
        "curedCount":11,
        "deadCount":14,
        "comment":"",
        "cities":null,
        "updateTime":1585840468087
    },
    {
        "locationId":964001,
        "continentName":"欧洲",
        "continentEnglishName":"Europe",
        "countryName":"白俄罗斯",
        "countryEnglishName":"Belarus",
        "provinceName":"白俄罗斯",
        "provinceEnglishName":"Belarus",
        "provinceShortName":"白俄罗斯",
        "currentConfirmedCount":204,
        "confirmedCount":254,
        "suspectedCount":0,
        "curedCount":46,
        "deadCount":4,
        "comment":"",
        "cities":null,
        "updateTime":1585840468087
    },
    {
        "locationId":961002,
        "continentName":"欧洲",
        "continentEnglishName":"Europe",
        "countryName":"法国",
        "countryEnglishName":"France",
        "provinceName":"法国",
        "provinceEnglishName":"France",
        "provinceShortName":"法国",
        "currentConfirmedCount":42022,
        "confirmedCount":56989,
        "suspectedCount":0,
        "curedCount":10935,
        "deadCount":4032,
        "comment":"",
        "cities":null,
        "updateTime":1585840468087
    },
    {
        "locationId":965012,
        "continentName":"欧洲",
        "continentEnglishName":"Europe",
        "countryName":"圣马力诺",
        "countryEnglishName":"San Marino",
        "provinceName":"圣马力诺",
        "provinceEnglishName":"San Marino",
        "provinceShortName":"圣马力诺",
        "currentConfirmedCount":214,
        "confirmedCount":242,
        "suspectedCount":0,
        "curedCount":2,
        "deadCount":26,
        "comment":"",
        "cities":null,
        "updateTime":1585840468087
    },
    {
        "locationId":963001,
        "continentName":"欧洲",
        "continentEnglishName":"Europe",
        "countryName":"奥地利",
        "countryEnglishName":"Austria",
        "provinceName":"奥地利",
        "provinceEnglishName":"Austria",
        "provinceShortName":"奥地利",
        "currentConfirmedCount":8900,
        "confirmedCount":10482,
        "suspectedCount":0,
        "curedCount":1436,
        "deadCount":146,
        "comment":"",
        "cities":null,
        "updateTime":1585840468087
    },
    {
        "locationId":964005,
        "continentName":"欧洲",
        "continentEnglishName":"Europe",
        "countryName":"摩尔多瓦",
        "countryEnglishName":"Moldova",
        "provinceName":"摩尔多瓦",
        "provinceEnglishName":"Moldova",
        "provinceShortName":"摩尔多瓦",
        "currentConfirmedCount":396,
        "confirmedCount":423,
        "suspectedCount":0,
        "curedCount":22,
        "deadCount":5,
        "comment":"",
        "cities":null,
        "updateTime":1585840468087
    },
    {
        "locationId":0,
        "continentName":"欧洲",
        "continentEnglishName":"Europe",
        "countryName":"法罗群岛",
        "countryEnglishName":"Faroe",
        "provinceName":"法罗群岛",
        "provinceEnglishName":"Faroe",
        "provinceShortName":"法罗群岛",
        "currentConfirmedCount":169,
        "confirmedCount":169,
        "suspectedCount":0,
        "curedCount":0,
        "deadCount":0,
        "comment":"",
        "cities":null,
        "updateTime":1585840468087
    },
    {
        "locationId":963003,
        "continentName":"欧洲",
        "continentEnglishName":"Europe",
        "countryName":"德国",
        "countryEnglishName":"Germany",
        "provinceName":"德国",
        "provinceEnglishName":"Germany",
        "provinceShortName":"德国",
        "currentConfirmedCount":64169,
        "confirmedCount":73522,
        "suspectedCount":0,
        "curedCount":8481,
        "deadCount":872,
        "comment":"",
        "cities":null,
        "updateTime":1585840468087
    },
    {
        "locationId":965019,
        "continentName":"欧洲",
        "continentEnglishName":"Europe",
        "countryName":"马耳他",
        "countryEnglishName":"Malta",
        "provinceName":"马耳他",
        "provinceEnglishName":"Malta",
        "provinceShortName":"马耳他",
        "currentConfirmedCount":169,
        "confirmedCount":169,
        "suspectedCount":0,
        "curedCount":0,
        "deadCount":0,
        "comment":"",
        "cities":null,
        "updateTime":1585840468087
    },
    {
        "locationId":965018,
        "continentName":"欧洲",
        "continentEnglishName":"Europe",
        "countryName":"黑山",
        "countryEnglishName":null,
        "provinceName":"黑山",
        "provinceEnglishName":null,
        "provinceShortName":"黑山",
        "currentConfirmedCount":107,
        "confirmedCount":109,
        "suspectedCount":0,
        "curedCount":0,
        "deadCount":2,
        "comment":"",
        "cities":null,
        "updateTime":1585840468087
    },
    {
        "locationId":962002,
        "continentName":"欧洲",
        "continentEnglishName":"Europe",
        "countryName":"芬兰",
        "countryEnglishName":"Finland",
        "provinceName":"芬兰",
        "provinceEnglishName":"Finland",
        "provinceShortName":"芬兰",
        "currentConfirmedCount":1419,
        "confirmedCount":1446,
        "suspectedCount":0,
        "curedCount":10,
        "deadCount":17,
        "comment":"",
        "cities":null,
        "updateTime":1585840468087
    },
    {
        "locationId":965004,
        "continentName":"欧洲",
        "continentEnglishName":"Europe",
        "countryName":"保加利亚",
        "countryEnglishName":"Bulgaria",
        "provinceName":"保加利亚",
        "provinceEnglishName":"Bulgaria",
        "provinceShortName":"保加利亚",
        "currentConfirmedCount":438,
        "confirmedCount":449,
        "suspectedCount":0,
        "curedCount":3,
        "deadCount":8,
        "comment":"",
        "cities":null,
        "updateTime":1585835008169
    },
    {
        "locationId":965014,
        "continentName":"欧洲",
        "continentEnglishName":"Europe",
        "countryName":"斯洛文尼亚",
        "countryEnglishName":"Slovenia",
        "provinceName":"斯洛文尼亚",
        "provinceEnglishName":"Slovenia",
        "provinceShortName":"斯洛文尼亚",
        "currentConfirmedCount":799,
        "confirmedCount":814,
        "suspectedCount":0,
        "curedCount":0,
        "deadCount":15,
        "comment":"",
        "cities":null,
        "updateTime":1585835008169
    },
    {
        "locationId":961007,
        "continentName":"欧洲",
        "continentEnglishName":"Europe",
        "countryName":"英国",
        "countryEnglishName":"United Kingdom",
        "provinceName":"英国",
        "provinceEnglishName":"United Kingdom",
        "provinceShortName":"英国",
        "currentConfirmedCount":30662,
        "confirmedCount":33718,
        "suspectedCount":0,
        "curedCount":135,
        "deadCount":2921,
        "comment":"",
        "cities":null,
        "updateTime":1585835008169
    },
    {
        "locationId":962004,
        "continentName":"欧洲",
        "continentEnglishName":"Europe",
        "countryName":"挪威",
        "countryEnglishName":"Norway",
        "provinceName":"挪威",
        "provinceEnglishName":"Norway",
        "provinceShortName":"挪威",
        "currentConfirmedCount":4804,
        "confirmedCount":4848,
        "suspectedCount":0,
        "curedCount":0,
        "deadCount":44,
        "comment":"",
        "cities":null,
        "updateTime":1585835008169
    },
    {
        "locationId":963002,
        "continentName":"欧洲",
        "continentEnglishName":"Europe",
        "countryName":"捷克",
        "countryEnglishName":"Czech Republic",
        "provinceName":"捷克",
        "provinceEnglishName":"Czech Republic",
        "provinceShortName":"捷克",
        "currentConfirmedCount":3408,
        "confirmedCount":3508,
        "suspectedCount":0,
        "curedCount":61,
        "deadCount":39,
        "comment":"",
        "cities":null,
        "updateTime":1585835008169
    },
    {
        "locationId":964007,
        "continentName":"欧洲",
        "continentEnglishName":"Europe",
        "countryName":"乌克兰",
        "countryEnglishName":"Ukraine",
        "provinceName":"乌克兰",
        "provinceEnglishName":"Ukraine",
        "provinceShortName":"乌克兰",
        "currentConfirmedCount":771,
        "confirmedCount":804,
        "suspectedCount":0,
        "curedCount":13,
        "deadCount":20,
        "comment":"",
        "cities":null,
        "updateTime":1585835008169
    },
    {
        "locationId":965005,
        "continentName":"欧洲",
        "continentEnglishName":"Europe",
        "countryName":"克罗地亚",
        "countryEnglishName":"Croatia",
        "provinceName":"克罗地亚",
        "provinceEnglishName":"Croatia",
        "provinceShortName":"克罗地亚",
        "currentConfirmedCount":794,
        "confirmedCount":867,
        "suspectedCount":0,
        "curedCount":67,
        "deadCount":6,
        "comment":"",
        "cities":null,
        "updateTime":1585835008169
    },
    {
        "locationId":961003,
        "continentName":"欧洲",
        "continentEnglishName":"Europe",
        "countryName":"爱尔兰",
        "countryEnglishName":"Ireland",
        "provinceName":"爱尔兰",
        "provinceEnglishName":"Ireland",
        "provinceShortName":"爱尔兰",
        "currentConfirmedCount":3362,
        "confirmedCount":3447,
        "suspectedCount":0,
        "curedCount":0,
        "deadCount":85,
        "comment":"",
        "cities":null,
        "updateTime":1585835008169
    },
    {
        "locationId":965010,
        "continentName":"欧洲",
        "continentEnglishName":"Europe",
        "countryName":"葡萄牙",
        "countryEnglishName":"Portugal",
        "provinceName":"葡萄牙",
        "provinceEnglishName":"Portugal",
        "provinceShortName":"葡萄牙",
        "currentConfirmedCount":8803,
        "confirmedCount":9034,
        "suspectedCount":0,
        "curedCount":22,
        "deadCount":209,
        "comment":"",
        "cities":null,
        "updateTime":1585835008169
    },
    {
        "locationId":961004,
        "continentName":"欧洲",
        "continentEnglishName":"Europe",
        "countryName":"卢森堡",
        "countryEnglishName":"Luxembourg",
        "provinceName":"卢森堡",
        "provinceEnglishName":"Luxembourg",
        "provinceShortName":"卢森堡",
        "currentConfirmedCount":2290,
        "confirmedCount":2319,
        "suspectedCount":0,
        "curedCount":0,
        "deadCount":29,
        "comment":"",
        "cities":null,
        "updateTime":1585835008169
    },
    {
        "locationId":963006,
        "continentName":"欧洲",
        "continentEnglishName":"Europe",
        "countryName":"波兰",
        "countryEnglishName":"Poland",
        "provinceName":"波兰",
        "provinceEnglishName":"Poland",
        "provinceShortName":"波兰",
        "currentConfirmedCount":2498,
        "confirmedCount":2554,
        "suspectedCount":0,
        "curedCount":13,
        "deadCount":43,
        "comment":"",
        "cities":null,
        "updateTime":1585835008169
    },
    {
        "locationId":964003,
        "continentName":"欧洲",
        "continentEnglishName":"Europe",
        "countryName":"拉脱维亚",
        "countryEnglishName":"Latvia",
        "provinceName":"拉脱维亚",
        "provinceEnglishName":"Latvia",
        "provinceShortName":"拉脱维亚",
        "currentConfirmedCount":446,
        "confirmedCount":446,
        "suspectedCount":0,
        "curedCount":0,
        "deadCount":0,
        "comment":"",
        "cities":null,
        "updateTime":1585835008169
    },
    {
        "locationId":964004,
        "continentName":"欧洲",
        "continentEnglishName":"Europe",
        "countryName":"立陶宛",
        "countryEnglishName":"Lithuania",
        "provinceName":"立陶宛",
        "provinceEnglishName":"Lithuania",
        "provinceShortName":"立陶宛",
        "currentConfirmedCount":572,
        "confirmedCount":581,
        "suspectedCount":0,
        "curedCount":1,
        "deadCount":8,
        "comment":"",
        "cities":null,
        "updateTime":1585835008169
    },
    {
        "locationId":963007,
        "continentName":"欧洲",
        "continentEnglishName":"Europe",
        "countryName":"斯洛伐克",
        "countryEnglishName":"Slovakia",
        "provinceName":"斯洛伐克",
        "provinceEnglishName":"Slovakia",
        "provinceShortName":"斯洛伐克",
        "currentConfirmedCount":422,
        "confirmedCount":426,
        "suspectedCount":0,
        "curedCount":3,
        "deadCount":1,
        "comment":"",
        "cities":null,
        "updateTime":1585835008169
    },
    {
        "locationId":963008,
        "continentName":"欧洲",
        "continentEnglishName":"Europe",
        "countryName":"瑞士",
        "countryEnglishName":"Switzerland",
        "provinceName":"瑞士",
        "provinceEnglishName":"Switzerland",
        "provinceShortName":"瑞士",
        "currentConfirmedCount":16012,
        "confirmedCount":18267,
        "suspectedCount":0,
        "curedCount":1823,
        "deadCount":432,
        "comment":"",
        "cities":null,
        "updateTime":1585835008169
    },
    {
        "locationId":965013,
        "continentName":"欧洲",
        "continentEnglishName":"Europe",
        "countryName":"塞尔维亚",
        "countryEnglishName":"Republic of Serbia",
        "provinceName":"塞尔维亚",
        "provinceEnglishName":"Republic of Serbia",
        "provinceShortName":"塞尔维亚",
        "currentConfirmedCount":1037,
        "confirmedCount":1060,
        "suspectedCount":0,
        "curedCount":0,
        "deadCount":23,
        "comment":"",
        "cities":null,
        "updateTime":1585835008169
    },
    {
        "locationId":0,
        "continentName":"欧洲",
        "continentEnglishName":"Europe",
        "countryName":"北马其顿",
        "countryEnglishName":"North Macedonia",
        "provinceName":"北马其顿",
        "provinceEnglishName":"North Macedonia",
        "provinceShortName":"北马其顿",
        "currentConfirmedCount":319,
        "confirmedCount":329,
        "suspectedCount":0,
        "curedCount":1,
        "deadCount":9,
        "comment":"",
        "cities":null,
        "updateTime":1585833855812
    },
    {
        "locationId":965001,
        "continentName":"欧洲",
        "continentEnglishName":"Europe",
        "countryName":"阿尔巴尼亚",
        "countryEnglishName":"Albania",
        "provinceName":"阿尔巴尼亚",
        "provinceEnglishName":"Albania",
        "provinceShortName":"阿尔巴尼亚",
        "currentConfirmedCount":251,
        "confirmedCount":277,
        "suspectedCount":0,
        "curedCount":10,
        "deadCount":16,
        "comment":"",
        "cities":null,
        "updateTime":1585833855812
    },
    {
        "locationId":961006,
        "continentName":"欧洲",
        "continentEnglishName":"Europe",
        "countryName":"荷兰",
        "countryEnglishName":"Netherlands",
        "provinceName":"荷兰",
        "provinceEnglishName":"Netherlands",
        "provinceShortName":"荷兰",
        "currentConfirmedCount":10404,
        "confirmedCount":14697,
        "suspectedCount":0,
        "curedCount":2954,
        "deadCount":1339,
        "comment":"",
        "cities":null,
        "updateTime":1585830882882
    },
    {
        "locationId":965015,
        "continentName":"欧洲",
        "continentEnglishName":"Europe",
        "countryName":"西班牙",
        "countryEnglishName":"Spain",
        "provinceName":"西班牙",
        "provinceEnglishName":"Spain",
        "provinceShortName":"西班牙",
        "currentConfirmedCount":77588,
        "confirmedCount":110238,
        "suspectedCount":0,
        "curedCount":22647,
        "deadCount":10003,
        "comment":"",
        "cities":null,
        "updateTime":1585830882882
    },
    {
        "locationId":965003,
        "continentName":"欧洲",
        "continentEnglishName":"Europe",
        "countryName":"波黑",
        "countryEnglishName":"Bosnia and Herzegovina",
        "provinceName":"波黑",
        "provinceEnglishName":"Bosnia and Herzegovina",
        "provinceShortName":"波黑",
        "currentConfirmedCount":384,
        "confirmedCount":413,
        "suspectedCount":0,
        "curedCount":17,
        "deadCount":12,
        "comment":"",
        "cities":null,
        "updateTime":1585830580280
    },
    {
        "locationId":963004,
        "continentName":"欧洲",
        "continentEnglishName":"Europe",
        "countryName":"匈牙利",
        "countryEnglishName":"Hungary",
        "provinceName":"匈牙利",
        "provinceEnglishName":"Hungary",
        "provinceShortName":"匈牙利",
        "currentConfirmedCount":522,
        "confirmedCount":585,
        "suspectedCount":0,
        "curedCount":42,
        "deadCount":21,
        "comment":"",
        "cities":null,
        "updateTime":1585827422031
    },
    {
        "locationId":962001,
        "continentName":"欧洲",
        "continentEnglishName":"Europe",
        "countryName":"丹麦",
        "countryEnglishName":"Denmark",
        "provinceName":"丹麦",
        "provinceEnglishName":"Denmark",
        "provinceShortName":"丹麦",
        "currentConfirmedCount":2109,
        "confirmedCount":3107,
        "suspectedCount":0,
        "curedCount":894,
        "deadCount":104,
        "comment":"",
        "cities":null,
        "updateTime":1585827057735
    },
    {
        "locationId":965011,
        "continentName":"欧洲",
        "continentEnglishName":"Europe",
        "countryName":"罗马尼亚",
        "countryEnglishName":"Romania",
        "provinceName":"罗马尼亚",
        "provinceEnglishName":"Romania",
        "provinceShortName":"罗马尼亚",
        "currentConfirmedCount":1956,
        "confirmedCount":2245,
        "suspectedCount":0,
        "curedCount":220,
        "deadCount":69,
        "comment":"",
        "cities":null,
        "updateTime":1585827057735
    },
    {
        "locationId":964002,
        "continentName":"欧洲",
        "continentEnglishName":"Europe",
        "countryName":"爱沙尼亚",
        "countryEnglishName":"Estonia",
        "provinceName":"爱沙尼亚",
        "provinceEnglishName":"Estonia",
        "provinceShortName":"爱沙尼亚",
        "currentConfirmedCount":754,
        "confirmedCount":779,
        "suspectedCount":0,
        "curedCount":20,
        "deadCount":5,
        "comment":"",
        "cities":null,
        "updateTime":1585827057735
    },
    {
        "locationId":961001,
        "continentName":"欧洲",
        "continentEnglishName":"Europe",
        "countryName":"比利时",
        "countryEnglishName":"Belgium",
        "provinceName":"比利时",
        "provinceEnglishName":"Belgium",
        "provinceShortName":"比利时",
        "currentConfirmedCount":12205,
        "confirmedCount":15348,
        "suspectedCount":0,
        "curedCount":2132,
        "deadCount":1011,
        "comment":"",
        "cities":null,
        "updateTime":1585827057735
    },
    {
        "locationId":0,
        "continentName":"欧洲",
        "continentEnglishName":"Europe",
        "countryName":"泽西岛",
        "countryEnglishName":"Bailiwick of Jersey",
        "provinceName":"泽西岛",
        "provinceEnglishName":"Bailiwick of Jersey",
        "provinceShortName":"泽西岛",
        "currentConfirmedCount":61,
        "confirmedCount":63,
        "suspectedCount":0,
        "curedCount":0,
        "deadCount":2,
        "comment":"",
        "cities":null,
        "updateTime":1585806595681
    },
    {
        "locationId":965008,
        "continentName":"欧洲",
        "continentEnglishName":"Europe",
        "countryName":"意大利",
        "countryEnglishName":"Italy",
        "provinceName":"意大利",
        "provinceEnglishName":"Italy",
        "provinceShortName":"意大利",
        "currentConfirmedCount":80572,
        "confirmedCount":110574,
        "suspectedCount":0,
        "curedCount":16847,
        "deadCount":13155,
        "comment":"",
        "cities":null,
        "updateTime":1585806595681
    },
    {
        "locationId":0,
        "continentName":"欧洲",
        "continentEnglishName":"Europe",
        "countryName":"马恩岛",
        "countryEnglishName":null,
        "provinceName":"马恩岛",
        "provinceEnglishName":null,
        "provinceShortName":"马恩岛",
        "currentConfirmedCount":52,
        "confirmedCount":52,
        "suspectedCount":0,
        "curedCount":0,
        "deadCount":0,
        "comment":"",
        "cities":null,
        "updateTime":1585806595681
    },
    {
        "locationId":965017,
        "continentName":"欧洲",
        "continentEnglishName":"Europe",
        "countryName":"梵蒂冈",
        "countryEnglishName":"Status Civitatis Vaticanae",
        "provinceName":"梵蒂冈",
        "provinceEnglishName":"Status Civitatis Vaticanae",
        "provinceShortName":"梵蒂冈",
        "currentConfirmedCount":6,
        "confirmedCount":6,
        "suspectedCount":0,
        "curedCount":0,
        "deadCount":0,
        "comment":"",
        "cities":null,
        "updateTime":1585806595681
    },
    {
        "locationId":962005,
        "continentName":"欧洲",
        "continentEnglishName":"Europe",
        "countryName":"瑞典",
        "countryEnglishName":"Sweden",
        "provinceName":"瑞典",
        "provinceEnglishName":"Sweden",
        "provinceShortName":"瑞典",
        "currentConfirmedCount":4691,
        "confirmedCount":4947,
        "suspectedCount":0,
        "curedCount":17,
        "deadCount":239,
        "comment":"",
        "cities":null,
        "updateTime":1585806595681
    },
    {
        "locationId":0,
        "continentName":"欧洲",
        "continentEnglishName":"Europe",
        "countryName":"直布罗陀",
        "countryEnglishName":"Gibraltar",
        "provinceName":"直布罗陀",
        "provinceEnglishName":"Gibraltar",
        "provinceShortName":"直布罗陀",
        "currentConfirmedCount":69,
        "confirmedCount":69,
        "suspectedCount":0,
        "curedCount":0,
        "deadCount":0,
        "comment":"",
        "cities":null,
        "updateTime":1585806595681
    },
    {
        "locationId":0,
        "continentName":"欧洲",
        "continentEnglishName":"Europe",
        "countryName":"根西岛",
        "countryEnglishName":"Guernsey",
        "provinceName":"根西岛",
        "provinceEnglishName":"Guernsey",
        "provinceShortName":"根西岛",
        "currentConfirmedCount":59,
        "confirmedCount":60,
        "suspectedCount":0,
        "curedCount":0,
        "deadCount":1,
        "comment":"",
        "cities":null,
        "updateTime":1585806595681
    },
    {
        "locationId":963005,
        "continentName":"欧洲",
        "continentEnglishName":"Europe",
        "countryName":"列支敦士登",
        "countryEnglishName":"Liechtenstein",
        "provinceName":"列支敦士登",
        "provinceEnglishName":"Liechtenstein",
        "provinceShortName":"列支敦士登",
        "currentConfirmedCount":68,
        "confirmedCount":68,
        "suspectedCount":0,
        "curedCount":0,
        "deadCount":0,
        "comment":"",
        "cities":null,
        "updateTime":1585806595681
    },
    {
        "locationId":961005,
        "continentName":"欧洲",
        "continentEnglishName":"Europe",
        "countryName":"摩纳哥",
        "countryEnglishName":"Monaco",
        "provinceName":"摩纳哥",
        "provinceEnglishName":"Monaco",
        "provinceShortName":"摩纳哥",
        "currentConfirmedCount":53,
        "confirmedCount":55,
        "suspectedCount":0,
        "curedCount":1,
        "deadCount":1,
        "comment":"",
        "cities":null,
        "updateTime":1585806595681
    },
    {
        "locationId":0,
        "continentName":"欧洲",
        "continentEnglishName":"Europe",
        "countryName":"科索沃",
        "countryEnglishName":null,
        "provinceName":"科索沃",
        "provinceEnglishName":null,
        "provinceShortName":"科索沃",
        "currentConfirmedCount":30,
        "confirmedCount":31,
        "suspectedCount":0,
        "curedCount":0,
        "deadCount":1,
        "comment":"",
        "cities":null,
        "updateTime":1585040981468
    },
    {
        "locationId":0,
        "continentName":"欧洲",
        "continentEnglishName":"Europe",
        "countryName":"大不列颠及北爱尔兰联合王国",
        "countryEnglishName":"United Kingdom of Great Britain and Ireland",
        "provinceName":"大不列颠及北爱尔兰联合王国",
        "provinceEnglishName":"United Kingdom of Great Britain and Ireland",
        "provinceShortName":"大不列颠及北爱尔兰联合王国",
        "currentConfirmedCount":12,
        "confirmedCount":20,
        "suspectedCount":0,
        "curedCount":8,
        "deadCount":0,
        "comment":"",
        "cities":null,
        "updateTime":1582960272252
    },
    {
        "locationId":0,
        "continentName":"欧洲",
        "continentEnglishName":"Europe",
        "countryName":"英国（含北爱尔兰）",
        "countryEnglishName":"United Kingdom",
        "provinceName":"英国（含北爱尔兰）",
        "provinceEnglishName":"United Kingdom",
        "provinceShortName":"英国（含北爱尔兰）",
        "currentConfirmedCount":12,
        "confirmedCount":20,
        "suspectedCount":0,
        "curedCount":8,
        "deadCount":0,
        "comment":"",
        "cities":null,
        "updateTime":1582952928516
    },
    {
        "locationId":0,
        "continentName":"欧洲",
        "continentEnglishName":"Europe",
        "countryName":"北爱尔兰",
        "countryEnglishName":"Northern Ireland",
        "provinceName":"北爱尔兰",
        "provinceEnglishName":"Northern Ireland",
        "provinceShortName":"北爱尔兰",
        "currentConfirmedCount":1,
        "confirmedCount":1,
        "suspectedCount":0,
        "curedCount":0,
        "deadCount":0,
        "comment":"",
        "cities":null,
        "updateTime":1582864428698
    }
]