[
    {
        "locationId":0,
        "continentName":"非洲",
        "continentEnglishName":"Africa",
        "countryName":"留尼旺",
        "countryEnglishName":"Reunion",
        "provinceName":"留尼旺",
        "provinceEnglishName":"Reunion",
        "provinceShortName":"留尼旺",
        "currentConfirmedCount":247,
        "confirmedCount":247,
        "suspectedCount":0,
        "curedCount":0,
        "deadCount":0,
        "comment":"",
        "cities":null,
        "updateTime":1585840468087
    },
    {
        "locationId":984014,
        "continentName":"非洲",
        "continentEnglishName":"Africa",
        "countryName":"毛里求斯",
        "countryEnglishName":"Mauritius",
        "provinceName":"毛里求斯",
        "provinceEnglishName":"Mauritius",
        "provinceShortName":"毛里求斯",
        "currentConfirmedCount":155,
        "confirmedCount":161,
        "suspectedCount":0,
        "curedCount":0,
        "deadCount":6,
        "comment":"",
        "cities":null,
        "updateTime":1585840468087
    },
    {
        "locationId":982004,
        "continentName":"非洲",
        "continentEnglishName":"Africa",
        "countryName":"科特迪瓦",
        "countryEnglishName":"Ivory Coast",
        "provinceName":"科特迪瓦",
        "provinceEnglishName":"Ivory Coast",
        "provinceShortName":"科特迪瓦",
        "currentConfirmedCount":180,
        "confirmedCount":190,
        "suspectedCount":0,
        "curedCount":9,
        "deadCount":1,
        "comment":"",
        "cities":null,
        "updateTime":1585840468087
    },
    {
        "locationId":982013,
        "continentName":"非洲",
        "continentEnglishName":"Africa",
        "countryName":"尼日利亚",
        "countryEnglishName":"Nigeria",
        "provinceName":"尼日利亚",
        "provinceEnglishName":"Nigeria",
        "provinceShortName":"尼日利亚",
        "currentConfirmedCount":163,
        "confirmedCount":174,
        "suspectedCount":0,
        "curedCount":9,
        "deadCount":2,
        "comment":"",
        "cities":null,
        "updateTime":1585840468087
    },
    {
        "locationId":982011,
        "continentName":"非洲",
        "continentEnglishName":"Africa",
        "countryName":"尼日尔",
        "countryEnglishName":"Niger",
        "provinceName":"尼日尔",
        "provinceEnglishName":"Niger",
        "provinceShortName":"尼日尔",
        "currentConfirmedCount":69,
        "confirmedCount":74,
        "suspectedCount":0,
        "curedCount":0,
        "deadCount":5,
        "comment":"",
        "cities":null,
        "updateTime":1585840468087
    },
    {
        "locationId":0,
        "continentName":"非洲",
        "continentEnglishName":"Africa",
        "countryName":"几内亚",
        "countryEnglishName":"Guinea",
        "provinceName":"几内亚",
        "provinceEnglishName":"Guinea",
        "provinceShortName":"几内亚",
        "currentConfirmedCount":51,
        "confirmedCount":52,
        "suspectedCount":0,
        "curedCount":1,
        "deadCount":0,
        "comment":"",
        "cities":null,
        "updateTime":1585840468087
    },
    {
        "locationId":985005,
        "continentName":"非洲",
        "continentEnglishName":"Africa",
        "countryName":"肯尼亚",
        "countryEnglishName":"Kenya",
        "provinceName":"肯尼亚",
        "provinceEnglishName":"Kenya",
        "provinceShortName":"肯尼亚",
        "currentConfirmedCount":104,
        "confirmedCount":110,
        "suspectedCount":0,
        "curedCount":3,
        "deadCount":3,
        "comment":"",
        "cities":null,
        "updateTime":1585840468087
    },
    {
        "locationId":982006,
        "continentName":"非洲",
        "continentEnglishName":"Africa",
        "countryName":"加纳",
        "countryEnglishName":"Ghana",
        "provinceName":"加纳",
        "provinceEnglishName":"Ghana",
        "provinceShortName":"加纳",
        "currentConfirmedCount":187,
        "confirmedCount":195,
        "suspectedCount":0,
        "curedCount":3,
        "deadCount":5,
        "comment":"",
        "cities":null,
        "updateTime":1585840468087
    },
    {
        "locationId":982014,
        "continentName":"非洲",
        "continentEnglishName":"Africa",
        "countryName":"塞内加尔",
        "countryEnglishName":"Senegal",
        "provinceName":"塞内加尔",
        "provinceEnglishName":"Senegal",
        "provinceShortName":"塞内加尔",
        "currentConfirmedCount":139,
        "confirmedCount":195,
        "suspectedCount":0,
        "curedCount":55,
        "deadCount":1,
        "comment":"",
        "cities":null,
        "updateTime":1585840468087
    },
    {
        "locationId":981002,
        "continentName":"非洲",
        "continentEnglishName":"Africa",
        "countryName":"埃及",
        "countryEnglishName":"Egypt",
        "provinceName":"埃及",
        "provinceEnglishName":"Egypt",
        "provinceShortName":"埃及",
        "currentConfirmedCount":548,
        "confirmedCount":779,
        "suspectedCount":0,
        "curedCount":179,
        "deadCount":52,
        "comment":"",
        "cities":null,
        "updateTime":1585840468087
    },
    {
        "locationId":983001,
        "continentName":"非洲",
        "continentEnglishName":"Africa",
        "countryName":"喀麦隆",
        "countryEnglishName":"Cameroon",
        "provinceName":"喀麦隆",
        "provinceEnglishName":"Cameroon",
        "provinceShortName":"喀麦隆",
        "currentConfirmedCount":267,
        "confirmedCount":284,
        "suspectedCount":0,
        "curedCount":10,
        "deadCount":7,
        "comment":"",
        "cities":null,
        "updateTime":1585835068765
    },
    {
        "locationId":982002,
        "continentName":"非洲",
        "continentEnglishName":"Africa",
        "countryName":"布基纳法索",
        "countryEnglishName":"Burkina Faso",
        "provinceName":"布基纳法索",
        "provinceEnglishName":"Burkina Faso",
        "provinceShortName":"布基纳法索",
        "currentConfirmedCount":222,
        "confirmedCount":288,
        "suspectedCount":0,
        "curedCount":50,
        "deadCount":16,
        "comment":"",
        "cities":null,
        "updateTime":1585835068765
    },
    {
        "locationId":982016,
        "continentName":"非洲",
        "continentEnglishName":"Africa",
        "countryName":"多哥",
        "countryEnglishName":"Togo",
        "provinceName":"多哥",
        "provinceEnglishName":"Togo",
        "provinceShortName":"多哥",
        "currentConfirmedCount":20,
        "confirmedCount":39,
        "suspectedCount":0,
        "curedCount":17,
        "deadCount":2,
        "comment":"",
        "cities":null,
        "updateTime":1585835008169
    },
    {
        "locationId":984011,
        "continentName":"非洲",
        "continentEnglishName":"Africa",
        "countryName":"南非",
        "countryEnglishName":"South Africa",
        "provinceName":"南非",
        "provinceEnglishName":"South Africa",
        "provinceShortName":"南非",
        "currentConfirmedCount":1374,
        "confirmedCount":1380,
        "suspectedCount":0,
        "curedCount":1,
        "deadCount":5,
        "comment":"",
        "cities":null,
        "updateTime":1585835008169
    },
    {
        "locationId":0,
        "continentName":"非洲",
        "continentEnglishName":"Africa",
        "countryName":"马约特",
        "countryEnglishName":null,
        "provinceName":"马约特",
        "provinceEnglishName":null,
        "provinceShortName":"马约特",
        "currentConfirmedCount":101,
        "confirmedCount":101,
        "suspectedCount":0,
        "curedCount":0,
        "deadCount":0,
        "comment":"",
        "cities":null,
        "updateTime":1585835008169
    },
    {
        "locationId":985002,
        "continentName":"非洲",
        "continentEnglishName":"Africa",
        "countryName":"吉布提",
        "countryEnglishName":"Djibouti",
        "provinceName":"吉布提",
        "provinceEnglishName":"Djibouti",
        "provinceShortName":"吉布提",
        "currentConfirmedCount":40,
        "confirmedCount":40,
        "suspectedCount":0,
        "curedCount":0,
        "deadCount":0,
        "comment":"",
        "cities":null,
        "updateTime":1585833855812
    },
    {
        "locationId":0,
        "continentName":"非洲",
        "continentEnglishName":"Africa",
        "countryName":"刚果（金）",
        "countryEnglishName":"Democratic Republic of the Congo",
        "provinceName":"刚果（金）",
        "provinceEnglishName":"Democratic Republic of the Congo",
        "provinceShortName":"刚果（金）",
        "currentConfirmedCount":109,
        "confirmedCount":123,
        "suspectedCount":0,
        "curedCount":3,
        "deadCount":11,
        "comment":"",
        "cities":null,
        "updateTime":1585830882882
    },
    {
        "locationId":981006,
        "continentName":"非洲",
        "continentEnglishName":"Africa",
        "countryName":"突尼斯",
        "countryEnglishName":"Tunisia",
        "provinceName":"突尼斯",
        "provinceEnglishName":"Tunisia",
        "provinceShortName":"突尼斯",
        "currentConfirmedCount":411,
        "confirmedCount":423,
        "suspectedCount":0,
        "curedCount":0,
        "deadCount":12,
        "comment":"",
        "cities":null,
        "updateTime":1585830580280
    },
    {
        "locationId":981004,
        "continentName":"非洲",
        "continentEnglishName":"Africa",
        "countryName":"摩洛哥",
        "countryEnglishName":"Morocco",
        "provinceName":"摩洛哥",
        "provinceEnglishName":"Morocco",
        "provinceShortName":"摩洛哥",
        "currentConfirmedCount":608,
        "confirmedCount":676,
        "suspectedCount":0,
        "curedCount":29,
        "deadCount":39,
        "comment":"",
        "cities":null,
        "updateTime":1585827057735
    },
    {
        "locationId":0,
        "continentName":"非洲",
        "continentEnglishName":"Africa",
        "countryName":"赞比亚共和国",
        "countryEnglishName":null,
        "provinceName":"赞比亚共和国",
        "provinceEnglishName":null,
        "provinceShortName":"赞比亚共和国",
        "currentConfirmedCount":38,
        "confirmedCount":39,
        "suspectedCount":0,
        "curedCount":0,
        "deadCount":1,
        "comment":"",
        "cities":null,
        "updateTime":1585827057735
    },
    {
        "locationId":985004,
        "continentName":"非洲",
        "continentEnglishName":"Africa",
        "countryName":"埃塞俄比亚",
        "countryEnglishName":"Ethiopia",
        "provinceName":"埃塞俄比亚",
        "provinceEnglishName":"Ethiopia",
        "provinceShortName":"埃塞俄比亚",
        "currentConfirmedCount":27,
        "confirmedCount":29,
        "suspectedCount":0,
        "curedCount":2,
        "deadCount":0,
        "comment":"",
        "cities":null,
        "updateTime":1585806595681
    },
    {
        "locationId":982012,
        "continentName":"非洲",
        "continentEnglishName":"Africa",
        "countryName":"毛里塔尼亚",
        "countryEnglishName":"The Islamic Republic of Mauritania",
        "provinceName":"毛里塔尼亚",
        "provinceEnglishName":"The Islamic Republic of Mauritania",
        "provinceShortName":"毛里塔尼亚",
        "currentConfirmedCount":3,
        "confirmedCount":6,
        "suspectedCount":0,
        "curedCount":2,
        "deadCount":1,
        "comment":"",
        "cities":null,
        "updateTime":1585806595681
    },
    {
        "locationId":983004,
        "continentName":"非洲",
        "continentEnglishName":"Africa",
        "countryName":"加蓬",
        "countryEnglishName":"Gabon",
        "provinceName":"加蓬",
        "provinceEnglishName":"Gabon",
        "provinceShortName":"加蓬",
        "currentConfirmedCount":17,
        "confirmedCount":18,
        "suspectedCount":0,
        "curedCount":0,
        "deadCount":1,
        "comment":"",
        "cities":null,
        "updateTime":1585806595681
    },
    {
        "locationId":984010,
        "continentName":"非洲",
        "continentEnglishName":"Africa",
        "countryName":"斯威士兰",
        "countryEnglishName":"Swaziland",
        "provinceName":"斯威士兰",
        "provinceEnglishName":"Swaziland",
        "provinceShortName":"斯威士兰",
        "currentConfirmedCount":9,
        "confirmedCount":9,
        "suspectedCount":0,
        "curedCount":0,
        "deadCount":0,
        "comment":"",
        "cities":null,
        "updateTime":1585806595681
    },
    {
        "locationId":982009,
        "continentName":"非洲",
        "continentEnglishName":"Africa",
        "countryName":"利比里亚",
        "countryEnglishName":"Liberia",
        "provinceName":"利比里亚",
        "provinceEnglishName":"Liberia",
        "provinceShortName":"利比里亚",
        "currentConfirmedCount":6,
        "confirmedCount":6,
        "suspectedCount":0,
        "curedCount":0,
        "deadCount":0,
        "comment":"",
        "cities":null,
        "updateTime":1585806595681
    },
    {
        "locationId":981003,
        "continentName":"非洲",
        "continentEnglishName":"Africa",
        "countryName":"利比亚",
        "countryEnglishName":"Libya",
        "provinceName":"利比亚",
        "provinceEnglishName":"Libya",
        "provinceShortName":"利比亚",
        "currentConfirmedCount":10,
        "confirmedCount":10,
        "suspectedCount":0,
        "curedCount":0,
        "deadCount":0,
        "comment":"",
        "cities":null,
        "updateTime":1585806595681
    },
    {
        "locationId":981001,
        "continentName":"非洲",
        "continentEnglishName":"Africa",
        "countryName":"阿尔及利亚",
        "countryEnglishName":"Algeria",
        "provinceName":"阿尔及利亚",
        "provinceEnglishName":"Algeria",
        "provinceShortName":"阿尔及利亚",
        "currentConfirmedCount":731,
        "confirmedCount":847,
        "suspectedCount":0,
        "curedCount":58,
        "deadCount":58,
        "comment":"",
        "cities":null,
        "updateTime":1585806595681
    },
    {
        "locationId":0,
        "continentName":"非洲",
        "continentEnglishName":"Africa",
        "countryName":"刚果（布）",
        "countryEnglishName":null,
        "provinceName":"刚果（布）",
        "provinceEnglishName":null,
        "provinceShortName":"刚果（布）",
        "currentConfirmedCount":17,
        "confirmedCount":22,
        "suspectedCount":0,
        "curedCount":2,
        "deadCount":3,
        "comment":"",
        "cities":null,
        "updateTime":1585806595681
    },
    {
        "locationId":982017,
        "continentName":"非洲",
        "continentEnglishName":"Africa",
        "countryName":"佛得角",
        "countryEnglishName":null,
        "provinceName":"佛得角",
        "provinceEnglishName":null,
        "provinceShortName":"佛得角",
        "currentConfirmedCount":3,
        "confirmedCount":5,
        "suspectedCount":0,
        "curedCount":1,
        "deadCount":1,
        "comment":"",
        "cities":null,
        "updateTime":1585806595681
    },
    {
        "locationId":982010,
        "continentName":"非洲",
        "continentEnglishName":"Africa",
        "countryName":"马里",
        "countryEnglishName":"Mali",
        "provinceName":"马里",
        "provinceEnglishName":"Mali",
        "provinceShortName":"马里",
        "currentConfirmedCount":28,
        "confirmedCount":31,
        "suspectedCount":0,
        "curedCount":0,
        "deadCount":3,
        "comment":"",
        "cities":null,
        "updateTime":1585806595681
    },
    {
        "locationId":985006,
        "continentName":"非洲",
        "continentEnglishName":"Africa",
        "countryName":"卢旺达",
        "countryEnglishName":"Republic of Rwanda",
        "provinceName":"卢旺达",
        "provinceEnglishName":"Republic of Rwanda",
        "provinceShortName":"卢旺达",
        "currentConfirmedCount":82,
        "confirmedCount":82,
        "suspectedCount":0,
        "curedCount":0,
        "deadCount":0,
        "comment":"",
        "cities":null,
        "updateTime":1585806595681
    },
    {
        "locationId":0,
        "continentName":"非洲",
        "continentEnglishName":"Africa",
        "countryName":"布隆迪共和国",
        "countryEnglishName":null,
        "provinceName":"布隆迪共和国",
        "provinceEnglishName":null,
        "provinceShortName":"布隆迪共和国",
        "currentConfirmedCount":2,
        "confirmedCount":2,
        "suspectedCount":0,
        "curedCount":0,
        "deadCount":0,
        "comment":"",
        "cities":null,
        "updateTime":1585806595681
    },
    {
        "locationId":982008,
        "continentName":"非洲",
        "continentEnglishName":"Africa",
        "countryName":"几内亚比绍",
        "countryEnglishName":null,
        "provinceName":"几内亚比绍",
        "provinceEnglishName":null,
        "provinceShortName":"几内亚比绍",
        "currentConfirmedCount":9,
        "confirmedCount":9,
        "suspectedCount":0,
        "curedCount":0,
        "deadCount":0,
        "comment":"",
        "cities":null,
        "updateTime":1585806595681
    },
    {
        "locationId":985009,
        "continentName":"非洲",
        "continentEnglishName":"Africa",
        "countryName":"坦桑尼亚",
        "countryEnglishName":"Tanzania",
        "provinceName":"坦桑尼亚",
        "provinceEnglishName":"Tanzania",
        "provinceShortName":"坦桑尼亚",
        "currentConfirmedCount":17,
        "confirmedCount":20,
        "suspectedCount":0,
        "curedCount":2,
        "deadCount":1,
        "comment":"",
        "cities":null,
        "updateTime":1585806595681
    },
    {
        "locationId":982003,
        "continentName":"非洲",
        "continentEnglishName":"Africa",
        "countryName":"乍得",
        "countryEnglishName":"Chad",
        "provinceName":"乍得",
        "provinceEnglishName":"Chad",
        "provinceShortName":"乍得",
        "currentConfirmedCount":7,
        "confirmedCount":7,
        "suspectedCount":0,
        "curedCount":0,
        "deadCount":0,
        "comment":"",
        "cities":null,
        "updateTime":1585806595681
    },
    {
        "locationId":985007,
        "continentName":"非洲",
        "continentEnglishName":"Africa",
        "countryName":"塞舌尔",
        "countryEnglishName":"Seychelles",
        "provinceName":"塞舌尔",
        "provinceEnglishName":"Seychelles",
        "provinceShortName":"塞舌尔",
        "currentConfirmedCount":10,
        "confirmedCount":10,
        "suspectedCount":0,
        "curedCount":0,
        "deadCount":0,
        "comment":"",
        "cities":null,
        "updateTime":1585806595681
    },
    {
        "locationId":984009,
        "continentName":"非洲",
        "continentEnglishName":"Africa",
        "countryName":"纳米比亚",
        "countryEnglishName":"Namibia",
        "provinceName":"纳米比亚",
        "provinceEnglishName":"Namibia",
        "provinceShortName":"纳米比亚",
        "currentConfirmedCount":13,
        "confirmedCount":13,
        "suspectedCount":0,
        "curedCount":0,
        "deadCount":0,
        "comment":"",
        "cities":null,
        "updateTime":1585806595681
    },
    {
        "locationId":985003,
        "continentName":"非洲",
        "continentEnglishName":"Africa",
        "countryName":"厄立特里亚",
        "countryEnglishName":null,
        "provinceName":"厄立特里亚",
        "provinceEnglishName":null,
        "provinceShortName":"厄立特里亚",
        "currentConfirmedCount":18,
        "confirmedCount":18,
        "suspectedCount":0,
        "curedCount":0,
        "deadCount":0,
        "comment":"",
        "cities":null,
        "updateTime":1585806595681
    },
    {
        "locationId":982001,
        "continentName":"非洲",
        "continentEnglishName":"Africa",
        "countryName":"贝宁",
        "countryEnglishName":"Benin",
        "provinceName":"贝宁",
        "provinceEnglishName":"Benin",
        "provinceShortName":"贝宁",
        "currentConfirmedCount":12,
        "confirmedCount":13,
        "suspectedCount":0,
        "curedCount":1,
        "deadCount":0,
        "comment":"",
        "cities":null,
        "updateTime":1585806595681
    },
    {
        "locationId":983002,
        "continentName":"非洲",
        "continentEnglishName":"Africa",
        "countryName":"中非共和国",
        "countryEnglishName":"Central African Republic",
        "provinceName":"中非共和国",
        "provinceEnglishName":"Central African Republic",
        "provinceShortName":"中非共和国",
        "currentConfirmedCount":6,
        "confirmedCount":6,
        "suspectedCount":0,
        "curedCount":0,
        "deadCount":0,
        "comment":"",
        "cities":null,
        "updateTime":1585806595681
    },
    {
        "locationId":985010,
        "continentName":"非洲",
        "continentEnglishName":"Africa",
        "countryName":"乌干达",
        "countryEnglishName":"Uganda",
        "provinceName":"乌干达",
        "provinceEnglishName":"Uganda",
        "provinceShortName":"乌干达",
        "currentConfirmedCount":44,
        "confirmedCount":44,
        "suspectedCount":0,
        "curedCount":0,
        "deadCount":0,
        "comment":"",
        "cities":null,
        "updateTime":1585806595681
    },
    {
        "locationId":985008,
        "continentName":"非洲",
        "continentEnglishName":"Africa",
        "countryName":"索马里",
        "countryEnglishName":"Somali",
        "provinceName":"索马里",
        "provinceEnglishName":"Somali",
        "provinceShortName":"索马里",
        "currentConfirmedCount":5,
        "confirmedCount":5,
        "suspectedCount":0,
        "curedCount":0,
        "deadCount":0,
        "comment":"",
        "cities":null,
        "updateTime":1585806595681
    },
    {
        "locationId":0,
        "continentName":"非洲",
        "continentEnglishName":"Africa",
        "countryName":"赤道几内亚",
        "countryEnglishName":"The Republic of Equatorial Guinea",
        "provinceName":"赤道几内亚",
        "provinceEnglishName":"The Republic of Equatorial Guinea",
        "provinceShortName":"赤道几内亚",
        "currentConfirmedCount":14,
        "confirmedCount":15,
        "suspectedCount":0,
        "curedCount":1,
        "deadCount":0,
        "comment":"",
        "cities":null,
        "updateTime":1585806595681
    },
    {
        "locationId":981005,
        "continentName":"非洲",
        "continentEnglishName":"Africa",
        "countryName":"苏丹",
        "countryEnglishName":"Sudan",
        "provinceName":"苏丹",
        "provinceEnglishName":"Sudan",
        "provinceShortName":"苏丹",
        "currentConfirmedCount":5,
        "confirmedCount":7,
        "suspectedCount":0,
        "curedCount":0,
        "deadCount":2,
        "comment":"",
        "cities":null,
        "updateTime":1585806595681
    },
    {
        "locationId":982015,
        "continentName":"非洲",
        "continentEnglishName":"Africa",
        "countryName":"塞拉利昂",
        "countryEnglishName":"Sierra Leone",
        "provinceName":"塞拉利昂",
        "provinceEnglishName":"Sierra Leone",
        "provinceShortName":"塞拉利昂",
        "currentConfirmedCount":2,
        "confirmedCount":2,
        "suspectedCount":0,
        "curedCount":0,
        "deadCount":0,
        "comment":"",
        "cities":null,
        "updateTime":1585806595681
    },
    {
        "locationId":984005,
        "continentName":"非洲",
        "continentEnglishName":"Africa",
        "countryName":"马达加斯加",
        "countryEnglishName":"Madagascar",
        "provinceName":"马达加斯加",
        "provinceEnglishName":"Madagascar",
        "provinceShortName":"马达加斯加",
        "currentConfirmedCount":57,
        "confirmedCount":57,
        "suspectedCount":0,
        "curedCount":0,
        "deadCount":0,
        "comment":"",
        "cities":null,
        "updateTime":1585806595681
    },
    {
        "locationId":982005,
        "continentName":"非洲",
        "continentEnglishName":"Africa",
        "countryName":"冈比亚",
        "countryEnglishName":"Gambia",
        "provinceName":"冈比亚",
        "provinceEnglishName":"Gambia",
        "provinceShortName":"冈比亚",
        "currentConfirmedCount":3,
        "confirmedCount":4,
        "suspectedCount":0,
        "curedCount":0,
        "deadCount":1,
        "comment":"",
        "cities":null,
        "updateTime":1585806595681
    },
    {
        "locationId":984013,
        "continentName":"非洲",
        "continentEnglishName":"Africa",
        "countryName":"津巴布韦",
        "countryEnglishName":"Zimbabwe",
        "provinceName":"津巴布韦",
        "provinceEnglishName":"Zimbabwe",
        "provinceShortName":"津巴布韦",
        "currentConfirmedCount":7,
        "confirmedCount":8,
        "suspectedCount":0,
        "curedCount":0,
        "deadCount":1,
        "comment":"",
        "cities":null,
        "updateTime":1585806595681
    },
    {
        "locationId":984008,
        "continentName":"非洲",
        "continentEnglishName":"Africa",
        "countryName":"莫桑比克",
        "countryEnglishName":"Mozambique",
        "provinceName":"莫桑比克",
        "provinceEnglishName":"Mozambique",
        "provinceShortName":"莫桑比克",
        "currentConfirmedCount":10,
        "confirmedCount":10,
        "suspectedCount":0,
        "curedCount":0,
        "deadCount":0,
        "comment":"",
        "cities":null,
        "updateTime":1585806595681
    },
    {
        "locationId":984001,
        "continentName":"非洲",
        "continentEnglishName":"Africa",
        "countryName":"安哥拉",
        "countryEnglishName":"Angola",
        "provinceName":"安哥拉",
        "provinceEnglishName":"Angola",
        "provinceShortName":"安哥拉",
        "currentConfirmedCount":5,
        "confirmedCount":8,
        "suspectedCount":0,
        "curedCount":1,
        "deadCount":2,
        "comment":"",
        "cities":null,
        "updateTime":1585806595681
    },
    {
        "locationId":984002,
        "continentName":"非洲",
        "continentEnglishName":"Africa",
        "countryName":"博茨瓦纳",
        "countryEnglishName":"Botswana",
        "provinceName":"博茨瓦纳",
        "provinceEnglishName":"Botswana",
        "provinceShortName":"博茨瓦纳",
        "currentConfirmedCount":3,
        "confirmedCount":4,
        "suspectedCount":0,
        "curedCount":0,
        "deadCount":1,
        "comment":"",
        "cities":null,
        "updateTime":1585806595681
    },
    {
        "locationId":0,
        "continentName":"非洲",
        "continentEnglishName":"Africa",
        "countryName":"留尼汪",
        "countryEnglishName":"Reunion Island",
        "provinceName":"留尼汪",
        "provinceEnglishName":"Reunion Island",
        "provinceShortName":"留尼汪",
        "currentConfirmedCount":6,
        "confirmedCount":6,
        "suspectedCount":0,
        "curedCount":0,
        "deadCount":0,
        "comment":"",
        "cities":null,
        "updateTime":1584424710913
    }
]