[
    {
        "locationId":0,
        "continentName":"北美洲",
        "continentEnglishName":"North America",
        "countryName":"马提尼克",
        "countryEnglishName":"Martinique",
        "provinceName":"马提尼克",
        "provinceEnglishName":"Martinique",
        "provinceShortName":"马提尼克",
        "currentConfirmedCount":117,
        "confirmedCount":119,
        "suspectedCount":0,
        "curedCount":0,
        "deadCount":2,
        "comment":"",
        "cities":null,
        "updateTime":1585840468087
    },
    {
        "locationId":972002,
        "continentName":"北美洲",
        "continentEnglishName":"North America",
        "countryName":"哥斯达黎加",
        "countryEnglishName":"Costa Rica",
        "provinceName":"哥斯达黎加",
        "provinceEnglishName":"Costa Rica",
        "provinceShortName":"哥斯达黎加",
        "currentConfirmedCount":345,
        "confirmedCount":347,
        "suspectedCount":0,
        "curedCount":0,
        "deadCount":2,
        "comment":"",
        "cities":null,
        "updateTime":1585840468087
    },
    {
        "locationId":974004,
        "continentName":"北美洲",
        "continentEnglishName":"North America",
        "countryName":"古巴",
        "countryEnglishName":"Cuba",
        "provinceName":"古巴",
        "provinceEnglishName":"Cuba",
        "provinceShortName":"古巴",
        "currentConfirmedCount":180,
        "confirmedCount":186,
        "suspectedCount":0,
        "curedCount":0,
        "deadCount":6,
        "comment":"",
        "cities":null,
        "updateTime":1585840468087
    },
    {
        "locationId":971001,
        "continentName":"北美洲",
        "continentEnglishName":"North America",
        "countryName":"加拿大",
        "countryEnglishName":"Canada",
        "provinceName":"加拿大",
        "provinceEnglishName":"Canada",
        "provinceShortName":"加拿大",
        "currentConfirmedCount":8402,
        "confirmedCount":10121,
        "suspectedCount":0,
        "curedCount":1592,
        "deadCount":127,
        "comment":"",
        "cities":null,
        "updateTime":1585840468087
    },
    {
        "locationId":974006,
        "continentName":"北美洲",
        "continentEnglishName":"North America",
        "countryName":"多米尼加",
        "countryEnglishName":"Dominican Republic",
        "provinceName":"多米尼加",
        "provinceEnglishName":"Dominican Republic",
        "provinceShortName":"多米尼加",
        "currentConfirmedCount":1058,
        "confirmedCount":1109,
        "suspectedCount":0,
        "curedCount":0,
        "deadCount":51,
        "comment":"",
        "cities":null,
        "updateTime":1585840468087
    },
    {
        "locationId":972005,
        "continentName":"北美洲",
        "continentEnglishName":"North America",
        "countryName":"洪都拉斯",
        "countryEnglishName":"Honduras",
        "provinceName":"洪都拉斯",
        "provinceEnglishName":"Honduras",
        "provinceShortName":"洪都拉斯",
        "currentConfirmedCount":136,
        "confirmedCount":139,
        "suspectedCount":0,
        "curedCount":0,
        "deadCount":3,
        "comment":"",
        "cities":null,
        "updateTime":1585840468087
    },
    {
        "locationId":0,
        "continentName":"北美洲",
        "continentEnglishName":"North America",
        "countryName":"波多黎各",
        "countryEnglishName":"Puerto Rico",
        "provinceName":"波多黎各",
        "provinceEnglishName":"Puerto Rico",
        "provinceShortName":"波多黎各",
        "currentConfirmedCount":231,
        "confirmedCount":239,
        "suspectedCount":0,
        "curedCount":0,
        "deadCount":8,
        "comment":"",
        "cities":null,
        "updateTime":1585840468087
    },
    {
        "locationId":971003,
        "continentName":"北美洲",
        "continentEnglishName":"North America",
        "countryName":"墨西哥",
        "countryEnglishName":"Mexico",
        "provinceName":"墨西哥",
        "provinceEnglishName":"Mexico",
        "provinceShortName":"墨西哥",
        "currentConfirmedCount":1340,
        "confirmedCount":1378,
        "suspectedCount":0,
        "curedCount":1,
        "deadCount":37,
        "comment":"",
        "cities":null,
        "updateTime":1585835008169
    },
    {
        "locationId":972007,
        "continentName":"北美洲",
        "continentEnglishName":"North America",
        "countryName":"巴拿马",
        "countryEnglishName":"Panama",
        "provinceName":"巴拿马",
        "provinceEnglishName":"Panama",
        "provinceShortName":"巴拿马",
        "currentConfirmedCount":961,
        "confirmedCount":989,
        "suspectedCount":0,
        "curedCount":4,
        "deadCount":24,
        "comment":"",
        "cities":null,
        "updateTime":1585835008169
    },
    {
        "locationId":971002,
        "continentName":"北美洲",
        "continentEnglishName":"North America",
        "countryName":"美国",
        "countryEnglishName":"United States of America",
        "provinceName":"美国",
        "provinceEnglishName":"United States of America",
        "provinceShortName":"美国",
        "currentConfirmedCount":202913,
        "confirmedCount":216722,
        "suspectedCount":0,
        "curedCount":8672,
        "deadCount":5137,
        "comment":"",
        "cities":null,
        "updateTime":1585835008169
    },
    {
        "locationId":0,
        "continentName":"北美洲",
        "continentEnglishName":"North America",
        "countryName":"瓜德罗普岛",
        "countryEnglishName":null,
        "provinceName":"瓜德罗普岛",
        "provinceEnglishName":null,
        "provinceShortName":"瓜德罗普岛",
        "currentConfirmedCount":109,
        "confirmedCount":114,
        "suspectedCount":0,
        "curedCount":0,
        "deadCount":5,
        "comment":"",
        "cities":null,
        "updateTime":1585827057735
    },
    {
        "locationId":0,
        "continentName":"北美洲",
        "continentEnglishName":"North America",
        "countryName":"特克斯和凯科斯群岛",
        "countryEnglishName":null,
        "provinceName":"特克斯和凯科斯群岛",
        "provinceEnglishName":null,
        "provinceShortName":"特克斯和凯科斯群岛",
        "currentConfirmedCount":5,
        "confirmedCount":5,
        "suspectedCount":0,
        "curedCount":0,
        "deadCount":0,
        "comment":"",
        "cities":null,
        "updateTime":1585806595681
    },
    {
        "locationId":974003,
        "continentName":"北美洲",
        "continentEnglishName":"North America",
        "countryName":"巴巴多斯",
        "countryEnglishName":"Barbados",
        "provinceName":"巴巴多斯",
        "provinceEnglishName":"Barbados",
        "provinceShortName":"巴巴多斯",
        "currentConfirmedCount":33,
        "confirmedCount":33,
        "suspectedCount":0,
        "curedCount":0,
        "deadCount":0,
        "comment":"",
        "cities":null,
        "updateTime":1585806595681
    },
    {
        "locationId":974002,
        "continentName":"北美洲",
        "continentEnglishName":"North America",
        "countryName":"巴哈马",
        "countryEnglishName":"Bahamas",
        "provinceName":"巴哈马",
        "provinceEnglishName":"Bahamas",
        "provinceShortName":"巴哈马",
        "currentConfirmedCount":14,
        "confirmedCount":14,
        "suspectedCount":0,
        "curedCount":0,
        "deadCount":0,
        "comment":"",
        "cities":null,
        "updateTime":1585806595681
    },
    {
        "locationId":0,
        "continentName":"北美洲",
        "continentEnglishName":"North America",
        "countryName":"库拉索岛",
        "countryEnglishName":null,
        "provinceName":"库拉索岛",
        "provinceEnglishName":null,
        "provinceShortName":"库拉索岛",
        "currentConfirmedCount":10,
        "confirmedCount":11,
        "suspectedCount":0,
        "curedCount":0,
        "deadCount":1,
        "comment":"",
        "cities":null,
        "updateTime":1585806595681
    },
    {
        "locationId":0,
        "continentName":"北美洲",
        "continentEnglishName":"North America",
        "countryName":"蒙特塞拉特",
        "countryEnglishName":null,
        "provinceName":"蒙特塞拉特",
        "provinceEnglishName":null,
        "provinceShortName":"蒙特塞拉特",
        "currentConfirmedCount":5,
        "confirmedCount":5,
        "suspectedCount":0,
        "curedCount":0,
        "deadCount":0,
        "comment":"",
        "cities":null,
        "updateTime":1585806595681
    },
    {
        "locationId":974005,
        "continentName":"北美洲",
        "continentEnglishName":"North America",
        "countryName":"多米尼克",
        "countryEnglishName":null,
        "provinceName":"多米尼克",
        "provinceEnglishName":null,
        "provinceShortName":"多米尼克",
        "currentConfirmedCount":11,
        "confirmedCount":11,
        "suspectedCount":0,
        "curedCount":0,
        "deadCount":0,
        "comment":"",
        "cities":null,
        "updateTime":1585806595681
    },
    {
        "locationId":972004,
        "continentName":"北美洲",
        "continentEnglishName":"North America",
        "countryName":"危地马拉",
        "countryEnglishName":"Guatemala",
        "provinceName":"危地马拉",
        "provinceEnglishName":"Guatemala",
        "provinceShortName":"危地马拉",
        "currentConfirmedCount":35,
        "confirmedCount":36,
        "suspectedCount":0,
        "curedCount":0,
        "deadCount":1,
        "comment":"",
        "cities":null,
        "updateTime":1585806595681
    },
    {
        "locationId":974013,
        "continentName":"北美洲",
        "continentEnglishName":"North America",
        "countryName":"特立尼达和多巴哥",
        "countryEnglishName":"Trinidad and Tobago",
        "provinceName":"特立尼达和多巴哥",
        "provinceEnglishName":"Trinidad and Tobago",
        "provinceShortName":"特立尼达和多巴哥",
        "currentConfirmedCount":82,
        "confirmedCount":85,
        "suspectedCount":0,
        "curedCount":0,
        "deadCount":3,
        "comment":"",
        "cities":null,
        "updateTime":1585806595681
    },
    {
        "locationId":0,
        "continentName":"北美洲",
        "continentEnglishName":"North America",
        "countryName":"美属维尔京群岛",
        "countryEnglishName":null,
        "provinceName":"美属维尔京群岛",
        "provinceEnglishName":null,
        "provinceShortName":"美属维尔京群岛",
        "currentConfirmedCount":30,
        "confirmedCount":30,
        "suspectedCount":0,
        "curedCount":0,
        "deadCount":0,
        "comment":"",
        "cities":null,
        "updateTime":1585806595681
    },
    {
        "locationId":0,
        "continentName":"北美洲",
        "continentEnglishName":"North America",
        "countryName":"格林那达",
        "countryEnglishName":null,
        "provinceName":"格林那达",
        "provinceEnglishName":null,
        "provinceShortName":"格林那达",
        "currentConfirmedCount":9,
        "confirmedCount":9,
        "suspectedCount":0,
        "curedCount":0,
        "deadCount":0,
        "comment":"",
        "cities":null,
        "updateTime":1585806595681
    },
    {
        "locationId":0,
        "continentName":"北美洲",
        "continentEnglishName":"North America",
        "countryName":"荷属圣马丁",
        "countryEnglishName":null,
        "provinceName":"荷属圣马丁",
        "provinceEnglishName":null,
        "provinceShortName":"荷属圣马丁",
        "currentConfirmedCount":6,
        "confirmedCount":6,
        "suspectedCount":0,
        "curedCount":0,
        "deadCount":0,
        "comment":"",
        "cities":null,
        "updateTime":1585806595681
    },
    {
        "locationId":974009,
        "continentName":"北美洲",
        "continentEnglishName":"North America",
        "countryName":"牙买加",
        "countryEnglishName":"Jamaica",
        "provinceName":"牙买加",
        "provinceEnglishName":"Jamaica",
        "provinceShortName":"牙买加",
        "currentConfirmedCount":35,
        "confirmedCount":36,
        "suspectedCount":0,
        "curedCount":0,
        "deadCount":1,
        "comment":"",
        "cities":null,
        "updateTime":1585806595681
    },
    {
        "locationId":0,
        "continentName":"北美洲",
        "continentEnglishName":"North America",
        "countryName":"圣巴泰勒米岛",
        "countryEnglishName":null,
        "provinceName":"圣巴泰勒米岛",
        "provinceEnglishName":null,
        "provinceShortName":"圣巴泰勒米岛",
        "currentConfirmedCount":6,
        "confirmedCount":6,
        "suspectedCount":0,
        "curedCount":0,
        "deadCount":0,
        "comment":"",
        "cities":null,
        "updateTime":1585806595681
    },
    {
        "locationId":0,
        "continentName":"北美洲",
        "continentEnglishName":"North America",
        "countryName":"阿鲁巴",
        "countryEnglishName":null,
        "provinceName":"阿鲁巴",
        "provinceEnglishName":null,
        "provinceShortName":"阿鲁巴",
        "currentConfirmedCount":55,
        "confirmedCount":55,
        "suspectedCount":0,
        "curedCount":0,
        "deadCount":0,
        "comment":"",
        "cities":null,
        "updateTime":1585806595681
    },
    {
        "locationId":0,
        "continentName":"北美洲",
        "continentEnglishName":"North America",
        "countryName":"安圭拉",
        "countryEnglishName":null,
        "provinceName":"安圭拉",
        "provinceEnglishName":null,
        "provinceShortName":"安圭拉",
        "currentConfirmedCount":2,
        "confirmedCount":2,
        "suspectedCount":0,
        "curedCount":0,
        "deadCount":0,
        "comment":"",
        "cities":null,
        "updateTime":1585806595681
    },
    {
        "locationId":0,
        "continentName":"北美洲",
        "continentEnglishName":"North America",
        "countryName":"圣马丁岛",
        "countryEnglishName":"Sint Maarten",
        "provinceName":"圣马丁岛",
        "provinceEnglishName":"Sint Maarten",
        "provinceShortName":"圣马丁岛",
        "currentConfirmedCount":16,
        "confirmedCount":18,
        "suspectedCount":0,
        "curedCount":0,
        "deadCount":2,
        "comment":"",
        "cities":null,
        "updateTime":1585806595681
    },
    {
        "locationId":974011,
        "continentName":"北美洲",
        "continentEnglishName":"North America",
        "countryName":"圣卢西亚",
        "countryEnglishName":"St.Lucia",
        "provinceName":"圣卢西亚",
        "provinceEnglishName":"St.Lucia",
        "provinceShortName":"圣卢西亚",
        "currentConfirmedCount":9,
        "confirmedCount":9,
        "suspectedCount":0,
        "curedCount":0,
        "deadCount":0,
        "comment":"",
        "cities":null,
        "updateTime":1585806595681
    },
    {
        "locationId":0,
        "continentName":"北美洲",
        "continentEnglishName":"North America",
        "countryName":"格陵兰",
        "countryEnglishName":null,
        "provinceName":"格陵兰",
        "provinceEnglishName":null,
        "provinceShortName":"格陵兰",
        "currentConfirmedCount":10,
        "confirmedCount":10,
        "suspectedCount":0,
        "curedCount":0,
        "deadCount":0,
        "comment":"",
        "cities":null,
        "updateTime":1585806595681
    },
    {
        "locationId":0,
        "continentName":"北美洲",
        "continentEnglishName":"North America",
        "countryName":"开曼群岛",
        "countryEnglishName":"Cayman Is",
        "provinceName":"开曼群岛",
        "provinceEnglishName":"Cayman Is",
        "provinceShortName":"开曼群岛",
        "currentConfirmedCount":11,
        "confirmedCount":12,
        "suspectedCount":0,
        "curedCount":0,
        "deadCount":1,
        "comment":"",
        "cities":null,
        "updateTime":1585806595681
    },
    {
        "locationId":0,
        "continentName":"北美洲",
        "continentEnglishName":"North America",
        "countryName":"圣其茨和尼维斯",
        "countryEnglishName":null,
        "provinceName":"圣其茨和尼维斯",
        "provinceEnglishName":null,
        "provinceShortName":"圣其茨和尼维斯",
        "currentConfirmedCount":8,
        "confirmedCount":8,
        "suspectedCount":0,
        "curedCount":0,
        "deadCount":0,
        "comment":"",
        "cities":null,
        "updateTime":1585806595681
    },
    {
        "locationId":974001,
        "continentName":"北美洲",
        "continentEnglishName":"North America",
        "countryName":"安提瓜和巴布达",
        "countryEnglishName":"Antigua and Barbuda",
        "provinceName":"安提瓜和巴布达",
        "provinceEnglishName":"Antigua and Barbuda",
        "provinceShortName":"安提瓜和巴布达",
        "currentConfirmedCount":7,
        "confirmedCount":7,
        "suspectedCount":0,
        "curedCount":0,
        "deadCount":0,
        "comment":"",
        "cities":null,
        "updateTime":1585806595681
    },
    {
        "locationId":972003,
        "continentName":"北美洲",
        "continentEnglishName":"North America",
        "countryName":"萨尔瓦多",
        "countryEnglishName":"El Salvador",
        "provinceName":"萨尔瓦多",
        "provinceEnglishName":"El Salvador",
        "provinceShortName":"萨尔瓦多",
        "currentConfirmedCount":30,
        "confirmedCount":30,
        "suspectedCount":0,
        "curedCount":0,
        "deadCount":0,
        "comment":"",
        "cities":null,
        "updateTime":1585806595681
    },
    {
        "locationId":0,
        "continentName":"北美洲",
        "continentEnglishName":"North America",
        "countryName":"百慕大",
        "countryEnglishName":null,
        "provinceName":"百慕大",
        "provinceEnglishName":null,
        "provinceShortName":"百慕大",
        "currentConfirmedCount":27,
        "confirmedCount":27,
        "suspectedCount":0,
        "curedCount":0,
        "deadCount":0,
        "comment":"",
        "cities":null,
        "updateTime":1585806595681
    },
    {
        "locationId":0,
        "continentName":"北美洲",
        "continentEnglishName":"North America",
        "countryName":"英属维尔京群岛",
        "countryEnglishName":null,
        "provinceName":"英属维尔京群岛",
        "provinceEnglishName":null,
        "provinceShortName":"英属维尔京群岛",
        "currentConfirmedCount":3,
        "confirmedCount":3,
        "suspectedCount":0,
        "curedCount":0,
        "deadCount":0,
        "comment":"",
        "cities":null,
        "updateTime":1585806595681
    },
    {
        "locationId":974008,
        "continentName":"北美洲",
        "continentEnglishName":"North America",
        "countryName":"海地",
        "countryEnglishName":"Haiti",
        "provinceName":"海地",
        "provinceEnglishName":"Haiti",
        "provinceShortName":"海地",
        "currentConfirmedCount":15,
        "confirmedCount":15,
        "suspectedCount":0,
        "curedCount":0,
        "deadCount":0,
        "comment":"",
        "cities":null,
        "updateTime":1585806595681
    },
    {
        "locationId":972001,
        "continentName":"北美洲",
        "continentEnglishName":"North America",
        "countryName":"伯利兹",
        "countryEnglishName":"Belize",
        "provinceName":"伯利兹",
        "provinceEnglishName":"Belize",
        "provinceShortName":"伯利兹",
        "currentConfirmedCount":3,
        "confirmedCount":3,
        "suspectedCount":0,
        "curedCount":0,
        "deadCount":0,
        "comment":"",
        "cities":null,
        "updateTime":1585806595681
    },
    {
        "locationId":972006,
        "continentName":"北美洲",
        "continentEnglishName":"North America",
        "countryName":"尼加拉瓜",
        "countryEnglishName":"Nicaragua",
        "provinceName":"尼加拉瓜",
        "provinceEnglishName":"Nicaragua",
        "provinceShortName":"尼加拉瓜",
        "currentConfirmedCount":3,
        "confirmedCount":4,
        "suspectedCount":0,
        "curedCount":0,
        "deadCount":1,
        "comment":"",
        "cities":null,
        "updateTime":1585806595681
    },
    {
        "locationId":974012,
        "continentName":"北美洲",
        "continentEnglishName":"North America",
        "countryName":"圣文森特和格林纳丁斯",
        "countryEnglishName":"Saint Vincent and the Grenadines",
        "provinceName":"圣文森特和格林纳丁斯",
        "provinceEnglishName":"Saint Vincent and the Grenadines",
        "provinceShortName":"圣文森特和格林纳丁斯",
        "currentConfirmedCount":1,
        "confirmedCount":1,
        "suspectedCount":0,
        "curedCount":0,
        "deadCount":0,
        "comment":"",
        "cities":null,
        "updateTime":1585740653465
    },
    {
        "locationId":0,
        "continentName":"北美洲",
        "continentEnglishName":"North America",
        "countryName":"圣巴泰勒米",
        "countryEnglishName":"Saint Barthelemy",
        "provinceName":"圣巴泰勒米",
        "provinceEnglishName":"Saint Barthelemy",
        "provinceShortName":"圣巴泰勒米",
        "currentConfirmedCount":3,
        "confirmedCount":3,
        "suspectedCount":0,
        "curedCount":0,
        "deadCount":0,
        "comment":"",
        "cities":null,
        "updateTime":1584504675953
    }
]